 N = 1000; h = 0.001
x;h;v1;v2;u1;u2;v1 - u1;v2 - u2;
0;0.001;7;13;7;13;0;0
0.001;0.002;8.499900001;11.4999;8.896261677;11.10353832;-0.3963616765;0.3963616765
0.003;0.002;8.499700004;11.4997;9.850338799;10.14906121;-1.350638795;1.350638795
0.005;0.002;8.499500012;11.49950001;9.979286172;10.01971385;-1.479786159;1.479786159
0.007;0.002;8.499300024;11.49930002;9.996564379;10.00203567;-1.497264354;1.497264354
0.009;0.002;8.49910004;11.49910004;9.998729811;9.99947027;-1.499629771;1.499629771
0.011;0.002;8.49890006;11.49890006;9.998849955;9.998950166;-1.499949895;1.499949895
0.013;0.002;8.498700084;11.49870008;9.998693304;9.998706865;-1.499993219;1.499993219
0.015;0.002;8.498500112;11.49850011;9.998499195;9.99850103;-1.499999082;1.499999082
0.017;0.002;8.498300144;11.49830014;9.99830002;9.998300269;-1.499999876;1.499999876
0.019;0.002;8.49810018;11.49810018;9.998100164;9.998100197;-1.499999983;1.499999983
0.021;0.002;8.49790022;11.49790022;9.997900218;9.997900223;-1.499999998;1.499999998
0.023;0.002;8.497700264;11.49770026;9.997700264;9.997700265;-1.5;1.5
0.025;0.002;8.497500312;11.49750031;9.997500312;9.997500313;-1.5;1.5
0.027;0.002;8.497300364;11.49730036;9.997300364;9.997300364;-1.5;1.5
0.029;0.002;8.49710042;11.49710042;9.99710042;9.99710042;-1.5;1.5
0.031;0.002;8.49690048;11.49690048;9.99690048;9.99690048;-1.5;1.5
0.033;0.002;8.496700544;11.49670054;9.996700544;9.996700544;-1.5;1.5
0.035;0.002;8.496500612;11.49650061;9.996500612;9.996500612;-1.5;1.5
0.037;0.002;8.496300684;11.49630068;9.996300684;9.996300684;-1.5;1.5
0.039;0.002;8.49610076;11.49610076;9.99610076;9.99610076;-1.5;1.5
0.041;0.002;8.49590084;11.49590084;9.99590084;9.99590084;-1.5;1.5
0.043;0.002;8.495700924;11.49570092;9.995700924;9.995700924;-1.5;1.5
0.045;0.002;8.495501012;11.49550101;9.995501012;9.995501012;-1.5;1.5
0.047;0.002;8.495301104;11.4953011;9.995301104;9.995301104;-1.5;1.5
0.049;0.002;8.4951012;11.4951012;9.9951012;9.9951012;-1.5;1.5
0.051;0.002;8.4949013;11.4949013;9.9949013;9.9949013;-1.5;1.5
0.053;0.002;8.494701404;11.4947014;9.994701404;9.994701404;-1.5;1.5
0.055;0.002;8.494501512;11.49450151;9.994501512;9.994501512;-1.5;1.5
0.057;0.002;8.494301624;11.49430162;9.994301624;9.994301624;-1.5;1.5
0.059;0.002;8.49410174;11.49410174;9.99410174;9.99410174;-1.5;1.5
0.061;0.002;8.49390186;11.49390186;9.99390186;9.99390186;-1.5;1.5
0.063;0.002;8.493701984;11.49370198;9.993701984;9.993701984;-1.5;1.5
0.065;0.002;8.493502112;11.49350211;9.993502112;9.993502112;-1.5;1.5
0.067;0.002;8.493302244;11.49330224;9.993302244;9.993302244;-1.5;1.5
0.069;0.002;8.49310238;11.49310238;9.99310238;9.99310238;-1.5;1.5
0.071;0.002;8.49290252;11.49290252;9.99290252;9.99290252;-1.5;1.5
0.073;0.002;8.492702664;11.49270266;9.992702664;9.992702664;-1.5;1.5
0.075;0.002;8.492502812;11.49250281;9.992502812;9.992502812;-1.5;1.5
0.077;0.002;8.492302964;11.49230296;9.992302964;9.992302964;-1.5;1.5
0.079;0.002;8.49210312;11.49210312;9.99210312;9.99210312;-1.5;1.5
0.081;0.002;8.49190328;11.49190328;9.99190328;9.99190328;-1.5;1.5
0.083;0.002;8.491703444;11.49170344;9.991703444;9.991703444;-1.5;1.5
0.085;0.002;8.491503611;11.49150361;9.991503611;9.991503611;-1.5;1.5
0.087;0.002;8.491303783;11.49130378;9.991303783;9.991303783;-1.5;1.5
0.089;0.002;8.491103959;11.49110396;9.991103959;9.991103959;-1.5;1.5
0.091;0.002;8.490904139;11.49090414;9.990904139;9.990904139;-1.5;1.5
0.093;0.002;8.490704323;11.49070432;9.990704323;9.990704323;-1.5;1.5
0.095;0.002;8.490504511;11.49050451;9.990504511;9.990504511;-1.5;1.5
0.097;0.002;8.490304703;11.4903047;9.990304703;9.990304703;-1.5;1.5
0.099;0.002;8.490104899;11.4901049;9.990104899;9.990104899;-1.5;1.5
0.101;0.002;8.489905099;11.4899051;9.989905099;9.989905099;-1.5;1.5
0.103;0.002;8.489705303;11.4897053;9.989705303;9.989705303;-1.5;1.5
0.105;0.002;8.489505511;11.48950551;9.989505511;9.989505511;-1.5;1.5
0.107;0.002;8.489305722;11.48930572;9.989305722;9.989305722;-1.5;1.5
0.109;0.002;8.489105938;11.48910594;9.989105938;9.989105938;-1.5;1.5
0.111;0.002;8.488906158;11.48890616;9.988906158;9.988906158;-1.5;1.5
0.113;0.002;8.488706382;11.48870638;9.988706382;9.988706382;-1.5;1.5
0.115;0.002;8.48850661;11.48850661;9.98850661;9.98850661;-1.5;1.5
0.117;0.002;8.488306842;11.48830684;9.988306842;9.988306842;-1.5;1.5
0.119;0.002;8.488107078;11.48810708;9.988107078;9.988107078;-1.5;1.5
0.121;0.002;8.487907318;11.48790732;9.987907318;9.987907318;-1.5;1.5
0.123;0.002;8.487707561;11.48770756;9.987707561;9.987707561;-1.5;1.5
0.125;0.002;8.487507809;11.48750781;9.987507809;9.987507809;-1.5;1.5
0.127;0.002;8.487308061;11.48730806;9.987308061;9.987308061;-1.5;1.5
0.129;0.002;8.487108317;11.48710832;9.987108317;9.987108317;-1.5;1.5
0.131;0.002;8.486908577;11.48690858;9.986908577;9.986908577;-1.5;1.5
0.133;0.002;8.486708841;11.48670884;9.986708841;9.986708841;-1.5;1.5
0.135;0.002;8.486509108;11.48650911;9.986509108;9.986509108;-1.5;1.5
0.137;0.002;8.48630938;11.48630938;9.98630938;9.98630938;-1.5;1.5
0.139;0.002;8.486109656;11.48610966;9.986109656;9.986109656;-1.5;1.5
0.141;0.002;8.485909936;11.48590994;9.985909936;9.985909936;-1.5;1.5
0.143;0.002;8.48571022;11.48571022;9.98571022;9.98571022;-1.5;1.5
0.145;0.002;8.485510507;11.48551051;9.985510507;9.985510507;-1.5;1.5
0.147;0.002;8.485310799;11.4853108;9.985310799;9.985310799;-1.5;1.5
0.149;0.002;8.485111095;11.48511109;9.985111095;9.985111095;-1.5;1.5
0.151;0.002;8.484911395;11.48491139;9.984911395;9.984911395;-1.5;1.5
0.153;0.002;8.484711699;11.4847117;9.984711699;9.984711699;-1.5;1.5
0.155;0.002;8.484512006;11.48451201;9.984512006;9.984512006;-1.5;1.5
0.157;0.002;8.484312318;11.48431232;9.984312318;9.984312318;-1.5;1.5
0.159;0.002;8.484112634;11.48411263;9.984112634;9.984112634;-1.5;1.5
0.161;0.002;8.483912954;11.48391295;9.983912954;9.983912954;-1.5;1.5
0.163;0.002;8.483713277;11.48371328;9.983713277;9.983713277;-1.5;1.5
0.165;0.002;8.483513605;11.48351361;9.983513605;9.983513605;-1.5;1.5
0.167;0.002;8.483313937;11.48331394;9.983313937;9.983313937;-1.5;1.5
0.169;0.002;8.483114272;11.48311427;9.983114272;9.983114272;-1.5;1.5
0.171;0.002;8.482914612;11.48291461;9.982914612;9.982914612;-1.5;1.5
0.173;0.002;8.482714956;11.48271496;9.982714956;9.982714956;-1.5;1.5
0.175;0.002;8.482515304;11.4825153;9.982515304;9.982515304;-1.5;1.5
0.177;0.002;8.482315655;11.48231566;9.982315655;9.982315655;-1.5;1.5
0.179;0.002;8.482116011;11.48211601;9.982116011;9.982116011;-1.5;1.5
0.181;0.002;8.481916371;11.48191637;9.981916371;9.981916371;-1.5;1.5
0.183;0.002;8.481716734;11.48171673;9.981716734;9.981716734;-1.5;1.5
0.185;0.002;8.481517102;11.4815171;9.981517102;9.981517102;-1.5;1.5
0.187;0.002;8.481317474;11.48131747;9.981317474;9.981317474;-1.5;1.5
0.189;0.002;8.481117849;11.48111785;9.981117849;9.981117849;-1.5;1.5
0.191;0.002;8.480918229;11.48091823;9.980918229;9.980918229;-1.5;1.5
0.193;0.002;8.480718613;11.48071861;9.980718613;9.980718613;-1.5;1.5
0.195;0.002;8.480519;11.480519;9.980519;9.980519;-1.5;1.5
0.197;0.002;8.480319392;11.48031939;9.980319392;9.980319392;-1.5;1.5
0.199;0.002;8.480119787;11.48011979;9.980119787;9.980119787;-1.5;1.5
0.201;0.002;8.479920187;11.47992019;9.979920187;9.979920187;-1.5;1.5
0.203;0.002;8.479720591;11.47972059;9.979720591;9.979720591;-1.5;1.5
0.205;0.002;8.479520998;11.479521;9.979520998;9.979520998;-1.5;1.5
0.207;0.002;8.47932141;11.47932141;9.97932141;9.97932141;-1.5;1.5
0.209;0.002;8.479121825;11.47912183;9.979121825;9.979121825;-1.5;1.5
0.211;0.002;8.478922245;11.47892224;9.978922245;9.978922245;-1.5;1.5
0.213;0.002;8.478722668;11.47872267;9.978722668;9.978722668;-1.5;1.5
0.215;0.002;8.478523096;11.4785231;9.978523096;9.978523096;-1.5;1.5
0.217;0.002;8.478323527;11.47832353;9.978323527;9.978323527;-1.5;1.5
0.219;0.002;8.478123963;11.47812396;9.978123963;9.978123963;-1.5;1.5
0.221;0.002;8.477924403;11.4779244;9.977924403;9.977924403;-1.5;1.5
0.223;0.002;8.477724846;11.47772485;9.977724846;9.977724846;-1.5;1.5
0.225;0.002;8.477525294;11.47752529;9.977525294;9.977525294;-1.5;1.5
0.227;0.002;8.477325745;11.47732575;9.977325745;9.977325745;-1.5;1.5
0.229;0.002;8.4771262;11.4771262;9.9771262;9.9771262;-1.5;1.5
0.231;0.002;8.47692666;11.47692666;9.97692666;9.97692666;-1.5;1.5
0.233;0.002;8.476727123;11.47672712;9.976727123;9.976727123;-1.5;1.5
0.235;0.002;8.476527591;11.47652759;9.976527591;9.976527591;-1.5;1.5
0.237;0.002;8.476328062;11.47632806;9.976328062;9.976328062;-1.5;1.5
0.239;0.002;8.476128538;11.47612854;9.976128538;9.976128538;-1.5;1.5
0.241;0.002;8.475929017;11.47592902;9.975929017;9.975929017;-1.5;1.5
0.243;0.002;8.475729501;11.4757295;9.975729501;9.975729501;-1.5;1.5
0.245;0.002;8.475529988;11.47552999;9.975529988;9.975529988;-1.5;1.5
0.247;0.002;8.475330479;11.47533048;9.975330479;9.975330479;-1.5;1.5
0.249;0.002;8.475130975;11.47513097;9.975130975;9.975130975;-1.5;1.5
0.251;0.002;8.474931474;11.47493147;9.974931474;9.974931474;-1.5;1.5
0.253;0.002;8.474731978;11.47473198;9.974731978;9.974731978;-1.5;1.5
0.255;0.002;8.474532485;11.47453248;9.974532485;9.974532485;-1.5;1.5
0.257;0.002;8.474332996;11.474333;9.974332996;9.974332996;-1.5;1.5
0.259;0.002;8.474133512;11.47413351;9.974133512;9.974133512;-1.5;1.5
0.261;0.002;8.473934031;11.47393403;9.973934031;9.973934031;-1.5;1.5
0.263;0.002;8.473734554;11.47373455;9.973734554;9.973734554;-1.5;1.5
0.265;0.002;8.473535082;11.47353508;9.973535082;9.973535082;-1.5;1.5
0.267;0.002;8.473335613;11.47333561;9.973335613;9.973335613;-1.5;1.5
0.269;0.002;8.473136148;11.47313615;9.973136148;9.973136148;-1.5;1.5
0.271;0.002;8.472936687;11.47293669;9.972936687;9.972936687;-1.5;1.5
0.273;0.002;8.472737231;11.47273723;9.972737231;9.972737231;-1.5;1.5
0.275;0.002;8.472537778;11.47253778;9.972537778;9.972537778;-1.5;1.5
0.277;0.002;8.472338329;11.47233833;9.972338329;9.972338329;-1.5;1.5
0.279;0.002;8.472138884;11.47213888;9.972138884;9.972138884;-1.5;1.5
0.281;0.002;8.471939444;11.47193944;9.971939444;9.971939444;-1.5;1.5
0.283;0.002;8.471740007;11.47174001;9.971740007;9.971740007;-1.5;1.5
0.285;0.002;8.471540574;11.47154057;9.971540574;9.971540574;-1.5;1.5
0.287;0.002;8.471341145;11.47134115;9.971341145;9.971341145;-1.5;1.5
0.289;0.002;8.47114172;11.47114172;9.97114172;9.97114172;-1.5;1.5
0.291;0.002;8.470942299;11.4709423;9.970942299;9.970942299;-1.5;1.5
0.293;0.002;8.470742883;11.47074288;9.970742883;9.970742883;-1.5;1.5
0.295;0.002;8.47054347;11.47054347;9.97054347;9.97054347;-1.5;1.5
0.297;0.002;8.470344061;11.47034406;9.970344061;9.970344061;-1.5;1.5
0.299;0.002;8.470144656;11.47014466;9.970144656;9.970144656;-1.5;1.5
0.301;0.002;8.469945255;11.46994526;9.969945255;9.969945255;-1.5;1.5
0.303;0.002;8.469745858;11.46974586;9.969745858;9.969745858;-1.5;1.5
0.305;0.002;8.469546465;11.46954647;9.969546465;9.969546465;-1.5;1.5
0.307;0.002;8.469347076;11.46934708;9.969347076;9.969347076;-1.5;1.5
0.309;0.002;8.469147691;11.46914769;9.969147691;9.969147691;-1.5;1.5
0.311;0.002;8.46894831;11.46894831;9.96894831;9.96894831;-1.5;1.5
0.313;0.002;8.468748933;11.46874893;9.968748933;9.968748933;-1.5;1.5
0.315;0.002;8.46854956;11.46854956;9.96854956;9.96854956;-1.5;1.5
0.317;0.002;8.468350191;11.46835019;9.968350191;9.968350191;-1.5;1.5
0.319;0.002;8.468150826;11.46815083;9.968150826;9.968150826;-1.5;1.5
0.321;0.002;8.467951465;11.46795147;9.967951465;9.967951465;-1.5;1.5
0.323;0.002;8.467752108;11.46775211;9.967752108;9.967752108;-1.5;1.5
0.325;0.002;8.467552755;11.46755276;9.967552755;9.967552755;-1.5;1.5
0.327;0.002;8.467353406;11.46735341;9.967353406;9.967353406;-1.5;1.5
0.329;0.002;8.467154061;11.46715406;9.967154061;9.967154061;-1.5;1.5
0.331;0.002;8.46695472;11.46695472;9.96695472;9.96695472;-1.5;1.5
0.333;0.002;8.466755383;11.46675538;9.966755383;9.966755383;-1.5;1.5
0.335;0.002;8.46655605;11.46655605;9.96655605;9.96655605;-1.5;1.5
0.337;0.002;8.466356721;11.46635672;9.966356721;9.966356721;-1.5;1.5
0.339;0.002;8.466157396;11.4661574;9.966157396;9.966157396;-1.5;1.5
0.341;0.002;8.465958074;11.46595807;9.965958074;9.965958074;-1.5;1.5
0.343;0.002;8.465758757;11.46575876;9.965758757;9.965758757;-1.5;1.5
0.345;0.002;8.465559444;11.46555944;9.965559444;9.965559444;-1.5;1.5
0.347;0.002;8.465360135;11.46536013;9.965360135;9.965360135;-1.5;1.5
0.349;0.002;8.46516083;11.46516083;9.96516083;9.96516083;-1.5;1.5
0.351;0.002;8.464961528;11.46496153;9.964961528;9.964961528;-1.5;1.5
0.353;0.002;8.464762231;11.46476223;9.964762231;9.964762231;-1.5;1.5
0.355;0.002;8.464562938;11.46456294;9.964562938;9.964562938;-1.5;1.5
0.357;0.002;8.464363649;11.46436365;9.964363649;9.964363649;-1.5;1.5
0.359;0.002;8.464164363;11.46416436;9.964164363;9.964164363;-1.5;1.5
0.361;0.002;8.463965082;11.46396508;9.963965082;9.963965082;-1.5;1.5
0.363;0.002;8.463765805;11.4637658;9.963765805;9.963765805;-1.5;1.5
0.365;0.002;8.463566532;11.46356653;9.963566532;9.963566532;-1.5;1.5
0.367;0.002;8.463367262;11.46336726;9.963367262;9.963367262;-1.5;1.5
0.369;0.002;8.463167997;11.463168;9.963167997;9.963167997;-1.5;1.5
0.371;0.002;8.462968735;11.46296874;9.962968735;9.962968735;-1.5;1.5
0.373;0.002;8.462769478;11.46276948;9.962769478;9.962769478;-1.5;1.5
0.375;0.002;8.462570225;11.46257022;9.962570225;9.962570225;-1.5;1.5
0.377;0.002;8.462370975;11.46237098;9.962370975;9.962370975;-1.5;1.5
0.379;0.002;8.46217173;11.46217173;9.96217173;9.96217173;-1.5;1.5
0.381;0.002;8.461972488;11.46197249;9.961972488;9.961972488;-1.5;1.5
0.383;0.002;8.461773251;11.46177325;9.961773251;9.961773251;-1.5;1.5
0.385;0.002;8.461574017;11.46157402;9.961574017;9.961574017;-1.5;1.5
0.387;0.002;8.461374788;11.46137479;9.961374788;9.961374788;-1.5;1.5
0.389;0.002;8.461175562;11.46117556;9.961175562;9.961175562;-1.5;1.5
0.391;0.002;8.460976341;11.46097634;9.960976341;9.960976341;-1.5;1.5
0.393;0.002;8.460777123;11.46077712;9.960777123;9.960777123;-1.5;1.5
0.395;0.002;8.46057791;11.46057791;9.96057791;9.96057791;-1.5;1.5
0.397;0.002;8.4603787;11.4603787;9.9603787;9.9603787;-1.5;1.5
0.399;0.002;8.460179495;11.46017949;9.960179495;9.960179495;-1.5;1.5
0.401;0.002;8.459980293;11.45998029;9.959980293;9.959980293;-1.5;1.5
0.403;0.002;8.459781096;11.4597811;9.959781096;9.959781096;-1.5;1.5
0.405;0.002;8.459581902;11.4595819;9.959581902;9.959581902;-1.5;1.5
0.407;0.002;8.459382712;11.45938271;9.959382712;9.959382712;-1.5;1.5
0.409;0.002;8.459183527;11.45918353;9.959183527;9.959183527;-1.5;1.5
0.411;0.002;8.458984345;11.45898434;9.958984345;9.958984345;-1.5;1.5
0.413;0.002;8.458785167;11.45878517;9.958785167;9.958785167;-1.5;1.5
0.415;0.002;8.458585994;11.45858599;9.958585994;9.958585994;-1.5;1.5
0.417;0.002;8.458386824;11.45838682;9.958386824;9.958386824;-1.5;1.5
0.419;0.002;8.458187658;11.45818766;9.958187658;9.958187658;-1.5;1.5
0.421;0.002;8.457988496;11.4579885;9.957988496;9.957988496;-1.5;1.5
0.423;0.002;8.457789338;11.45778934;9.957789338;9.957789338;-1.5;1.5
0.425;0.002;8.457590185;11.45759018;9.957590185;9.957590185;-1.5;1.5
0.427;0.002;8.457391035;11.45739103;9.957391035;9.957391035;-1.5;1.5
0.429;0.002;8.457191889;11.45719189;9.957191889;9.957191889;-1.5;1.5
0.431;0.002;8.456992747;11.45699275;9.956992747;9.956992747;-1.5;1.5
0.433;0.002;8.456793609;11.45679361;9.956793609;9.956793609;-1.5;1.5
0.435;0.002;8.456594475;11.45659448;9.956594475;9.956594475;-1.5;1.5
0.437;0.002;8.456395346;11.45639535;9.956395346;9.956395346;-1.5;1.5
0.439;0.002;8.45619622;11.45619622;9.95619622;9.95619622;-1.5;1.5
0.441;0.002;8.455997098;11.4559971;9.955997098;9.955997098;-1.5;1.5
0.443;0.002;8.45579798;11.45579798;9.95579798;9.95579798;-1.5;1.5
0.445;0.002;8.455598866;11.45559887;9.955598866;9.955598866;-1.5;1.5
0.447;0.002;8.455399756;11.45539976;9.955399756;9.955399756;-1.5;1.5
0.449;0.002;8.45520065;11.45520065;9.95520065;9.95520065;-1.5;1.5
0.451;0.002;8.455001548;11.45500155;9.955001548;9.955001548;-1.5;1.5
0.453;0.002;8.45480245;11.45480245;9.95480245;9.95480245;-1.5;1.5
0.455;0.002;8.454603356;11.45460336;9.954603356;9.954603356;-1.5;1.5
0.457;0.002;8.454404266;11.45440427;9.954404266;9.954404266;-1.5;1.5
0.459;0.002;8.45420518;11.45420518;9.95420518;9.95420518;-1.5;1.5
0.461;0.002;8.454006097;11.4540061;9.954006097;9.954006097;-1.5;1.5
0.463;0.002;8.453807019;11.45380702;9.953807019;9.953807019;-1.5;1.5
0.465;0.002;8.453607945;11.45360795;9.953607945;9.953607945;-1.5;1.5
0.467;0.002;8.453408875;11.45340887;9.953408875;9.953408875;-1.5;1.5
0.469;0.002;8.453209809;11.45320981;9.953209809;9.953209809;-1.5;1.5
0.471;0.002;8.453010747;11.45301075;9.953010747;9.953010747;-1.5;1.5
0.473;0.002;8.452811688;11.45281169;9.952811688;9.952811688;-1.5;1.5
0.475;0.002;8.452612634;11.45261263;9.952612634;9.952612634;-1.5;1.5
0.477;0.002;8.452413584;11.45241358;9.952413584;9.952413584;-1.5;1.5
0.479;0.002;8.452214538;11.45221454;9.952214538;9.952214538;-1.5;1.5
0.481;0.002;8.452015495;11.4520155;9.952015495;9.952015495;-1.5;1.5
0.483;0.002;8.451816457;11.45181646;9.951816457;9.951816457;-1.5;1.5
0.485;0.002;8.451617423;11.45161742;9.951617423;9.951617423;-1.5;1.5
0.487;0.002;8.451418392;11.45141839;9.951418392;9.951418392;-1.5;1.5
0.489;0.002;8.451219366;11.45121937;9.951219366;9.951219366;-1.5;1.5
0.491;0.002;8.451020343;11.45102034;9.951020343;9.951020343;-1.5;1.5
0.493;0.002;8.450821325;11.45082133;9.950821325;9.950821325;-1.5;1.5
0.495;0.002;8.450622311;11.45062231;9.950622311;9.950622311;-1.5;1.5
0.497;0.002;8.4504233;11.4504233;9.9504233;9.9504233;-1.5;1.5
0.499;0.002;8.450224294;11.45022429;9.950224294;9.950224294;-1.5;1.5
0.501;0.002;8.450025291;11.45002529;9.950025291;9.950025291;-1.5;1.5
0.503;0.002;8.449826293;11.44982629;9.949826293;9.949826293;-1.5;1.5
0.505;0.002;8.449627298;11.4496273;9.949627298;9.949627298;-1.5;1.5
0.507;0.002;8.449428308;11.44942831;9.949428308;9.949428308;-1.5;1.5
0.509;0.002;8.449229321;11.44922932;9.949229321;9.949229321;-1.5;1.5
0.511;0.002;8.449030338;11.44903034;9.949030338;9.949030338;-1.5;1.5
0.513;0.002;8.44883136;11.44883136;9.94883136;9.94883136;-1.5;1.5
0.515;0.002;8.448632385;11.44863239;9.948632385;9.948632385;-1.5;1.5
0.517;0.002;8.448433414;11.44843341;9.948433414;9.948433414;-1.5;1.5
0.519;0.002;8.448234448;11.44823445;9.948234448;9.948234448;-1.5;1.5
0.521;0.002;8.448035485;11.44803549;9.948035485;9.948035485;-1.5;1.5
0.523;0.002;8.447836526;11.44783653;9.947836526;9.947836526;-1.5;1.5
0.525;0.002;8.447637572;11.44763757;9.947637572;9.947637572;-1.5;1.5
0.527;0.002;8.447438621;11.44743862;9.947438621;9.947438621;-1.5;1.5
0.529;0.002;8.447239674;11.44723967;9.947239674;9.947239674;-1.5;1.5
0.531;0.002;8.447040731;11.44704073;9.947040731;9.947040731;-1.5;1.5
0.533;0.002;8.446841792;11.44684179;9.946841792;9.946841792;-1.5;1.5
0.535;0.002;8.446642858;11.44664286;9.946642858;9.946642858;-1.5;1.5
0.537;0.002;8.446443927;11.44644393;9.946443927;9.946443927;-1.5;1.5
0.539;0.002;8.446245;11.446245;9.946245;9.946245;-1.5;1.5
0.541;0.002;8.446046077;11.44604608;9.946046077;9.946046077;-1.5;1.5
0.543;0.002;8.445847158;11.44584716;9.945847158;9.945847158;-1.5;1.5
0.545;0.002;8.445648243;11.44564824;9.945648243;9.945648243;-1.5;1.5
0.547;0.002;8.445449332;11.44544933;9.945449332;9.945449332;-1.5;1.5
0.549;0.002;8.445250425;11.44525043;9.945250425;9.945250425;-1.5;1.5
0.551;0.002;8.445051522;11.44505152;9.945051522;9.945051522;-1.5;1.5
0.553;0.002;8.444852623;11.44485262;9.944852623;9.944852623;-1.5;1.5
0.555;0.002;8.444653728;11.44465373;9.944653728;9.944653728;-1.5;1.5
0.557;0.002;8.444454837;11.44445484;9.944454837;9.944454837;-1.5;1.5
0.559;0.002;8.44425595;11.44425595;9.94425595;9.94425595;-1.5;1.5
0.561;0.002;8.444057067;11.44405707;9.944057067;9.944057067;-1.5;1.5
0.563;0.002;8.443858187;11.44385819;9.943858187;9.943858187;-1.5;1.5
0.565;0.002;8.443659312;11.44365931;9.943659312;9.943659312;-1.5;1.5
0.567;0.002;8.443460441;11.44346044;9.943460441;9.943460441;-1.5;1.5
0.569;0.002;8.443261574;11.44326157;9.943261574;9.943261574;-1.5;1.5
0.571;0.002;8.443062711;11.44306271;9.943062711;9.943062711;-1.5;1.5
0.573;0.002;8.442863851;11.44286385;9.942863851;9.942863851;-1.5;1.5
0.575;0.002;8.442664996;11.442665;9.942664996;9.942664996;-1.5;1.5
0.577;0.002;8.442466145;11.44246614;9.942466145;9.942466145;-1.5;1.5
0.579;0.002;8.442267297;11.4422673;9.942267297;9.942267297;-1.5;1.5
0.581;0.002;8.442068454;11.44206845;9.942068454;9.942068454;-1.5;1.5
0.583;0.002;8.441869615;11.44186961;9.941869615;9.941869615;-1.5;1.5
0.585;0.002;8.441670779;11.44167078;9.941670779;9.941670779;-1.5;1.5
0.587;0.002;8.441471948;11.44147195;9.941471948;9.941471948;-1.5;1.5
0.589;0.002;8.44127312;11.44127312;9.94127312;9.94127312;-1.5;1.5
0.591;0.002;8.441074297;11.4410743;9.941074297;9.941074297;-1.5;1.5
0.593;0.002;8.440875477;11.44087548;9.940875477;9.940875477;-1.5;1.5
0.595;0.002;8.440676662;11.44067666;9.940676662;9.940676662;-1.5;1.5
0.597;0.002;8.44047785;11.44047785;9.94047785;9.94047785;-1.5;1.5
0.599;0.002;8.440279043;11.44027904;9.940279043;9.940279043;-1.5;1.5
0.601;0.002;8.440080239;11.44008024;9.940080239;9.940080239;-1.5;1.5
0.603;0.002;8.43988144;11.43988144;9.93988144;9.93988144;-1.5;1.5
0.605;0.002;8.439682644;11.43968264;9.939682644;9.939682644;-1.5;1.5
0.607;0.002;8.439483852;11.43948385;9.939483852;9.939483852;-1.5;1.5
0.609;0.002;8.439285065;11.43928506;9.939285065;9.939285065;-1.5;1.5
0.611;0.002;8.439086281;11.43908628;9.939086281;9.939086281;-1.5;1.5
0.613;0.002;8.438887501;11.4388875;9.938887501;9.938887501;-1.5;1.5
0.615;0.002;8.438688725;11.43868873;9.938688725;9.938688725;-1.5;1.5
0.617;0.002;8.438489954;11.43848995;9.938489954;9.938489954;-1.5;1.5
0.619;0.002;8.438291186;11.43829119;9.938291186;9.938291186;-1.5;1.5
0.621;0.002;8.438092422;11.43809242;9.938092422;9.938092422;-1.5;1.5
0.623;0.002;8.437893662;11.43789366;9.937893662;9.937893662;-1.5;1.5
0.625;0.002;8.437694906;11.43769491;9.937694906;9.937694906;-1.5;1.5
0.627;0.002;8.437496154;11.43749615;9.937496154;9.937496154;-1.5;1.5
0.629;0.002;8.437297406;11.43729741;9.937297406;9.937297406;-1.5;1.5
0.631;0.002;8.437098662;11.43709866;9.937098662;9.937098662;-1.5;1.5
0.633;0.002;8.436899922;11.43689992;9.936899922;9.936899922;-1.5;1.5
0.635;0.002;8.436701186;11.43670119;9.936701186;9.936701186;-1.5;1.5
0.637;0.002;8.436502454;11.43650245;9.936502454;9.936502454;-1.5;1.5
0.639;0.002;8.436303726;11.43630373;9.936303726;9.936303726;-1.5;1.5
0.641;0.002;8.436105002;11.436105;9.936105002;9.936105002;-1.5;1.5
0.643;0.002;8.435906282;11.43590628;9.935906282;9.935906282;-1.5;1.5
0.645;0.002;8.435707566;11.43570757;9.935707566;9.935707566;-1.5;1.5
0.647;0.002;8.435508854;11.43550885;9.935508854;9.935508854;-1.5;1.5
0.649;0.002;8.435310146;11.43531015;9.935310146;9.935310146;-1.5;1.5
0.651;0.002;8.435111441;11.43511144;9.935111441;9.935111441;-1.5;1.5
0.653;0.002;8.434912741;11.43491274;9.934912741;9.934912741;-1.5;1.5
0.655;0.002;8.434714045;11.43471404;9.934714045;9.934714045;-1.5;1.5
0.657;0.002;8.434515353;11.43451535;9.934515353;9.934515353;-1.5;1.5
0.659;0.002;8.434316664;11.43431666;9.934316664;9.934316664;-1.5;1.5
0.661;0.002;8.43411798;11.43411798;9.93411798;9.93411798;-1.5;1.5
0.663;0.002;8.4339193;11.4339193;9.9339193;9.9339193;-1.5;1.5
0.665;0.002;8.433720623;11.43372062;9.933720623;9.933720623;-1.5;1.5
0.667;0.002;8.433521951;11.43352195;9.933521951;9.933521951;-1.5;1.5
0.669;0.002;8.433323282;11.43332328;9.933323282;9.933323282;-1.5;1.5
0.671;0.002;8.433124618;11.43312462;9.933124618;9.933124618;-1.5;1.5
0.673;0.002;8.432925957;11.43292596;9.932925957;9.932925957;-1.5;1.5
0.675;0.002;8.432727301;11.4327273;9.932727301;9.932727301;-1.5;1.5
0.677;0.002;8.432528648;11.43252865;9.932528648;9.932528648;-1.5;1.5
0.679;0.002;8.43233;11.43233;9.93233;9.93233;-1.5;1.5
0.681;0.002;8.432131355;11.43213136;9.932131355;9.932131355;-1.5;1.5
0.683;0.002;8.431932714;11.43193271;9.931932714;9.931932714;-1.5;1.5
0.685;0.002;8.431734078;11.43173408;9.931734078;9.931734078;-1.5;1.5
0.687;0.002;8.431535445;11.43153545;9.931535445;9.931535445;-1.5;1.5
0.689;0.002;8.431336816;11.43133682;9.931336816;9.931336816;-1.5;1.5
0.691;0.002;8.431138192;11.43113819;9.931138192;9.931138192;-1.5;1.5
0.693;0.002;8.430939571;11.43093957;9.930939571;9.930939571;-1.5;1.5
0.695;0.002;8.430740954;11.43074095;9.930740954;9.930740954;-1.5;1.5
0.697;0.002;8.430542341;11.43054234;9.930542341;9.930542341;-1.5;1.5
0.699;0.002;8.430343732;11.43034373;9.930343732;9.930343732;-1.5;1.5
0.701;0.002;8.430145127;11.43014513;9.930145127;9.930145127;-1.5;1.5
0.703;0.002;8.429946526;11.42994653;9.929946526;9.929946526;-1.5;1.5
0.705;0.002;8.42974793;11.42974793;9.92974793;9.92974793;-1.5;1.5
0.707;0.002;8.429549337;11.42954934;9.929549337;9.929549337;-1.5;1.5
0.709;0.002;8.429350748;11.42935075;9.929350748;9.929350748;-1.5;1.5
0.711;0.002;8.429152163;11.42915216;9.929152163;9.929152163;-1.5;1.5
0.713;0.002;8.428953581;11.42895358;9.928953581;9.928953581;-1.5;1.5
0.715;0.002;8.428755004;11.428755;9.928755004;9.928755004;-1.5;1.5
0.717;0.002;8.428556431;11.42855643;9.928556431;9.928556431;-1.5;1.5
0.719;0.002;8.428357862;11.42835786;9.928357862;9.928357862;-1.5;1.5
0.721;0.002;8.428159297;11.4281593;9.928159297;9.928159297;-1.5;1.5
0.723;0.002;8.427960736;11.42796074;9.927960736;9.927960736;-1.5;1.5
0.725;0.002;8.427762179;11.42776218;9.927762179;9.927762179;-1.5;1.5
0.727;0.002;8.427563625;11.42756363;9.927563625;9.927563625;-1.5;1.5
0.729;0.002;8.427365076;11.42736508;9.927365076;9.927365076;-1.5;1.5
0.731;0.002;8.427166531;11.42716653;9.927166531;9.927166531;-1.5;1.5
0.733;0.002;8.426967989;11.42696799;9.926967989;9.926967989;-1.5;1.5
0.735;0.002;8.426769452;11.42676945;9.926769452;9.926769452;-1.5;1.5
0.737;0.002;8.426570919;11.42657092;9.926570919;9.926570919;-1.5;1.5
0.739;0.002;8.426372389;11.42637239;9.926372389;9.926372389;-1.5;1.5
0.741;0.002;8.426173864;11.42617386;9.926173864;9.926173864;-1.5;1.5
0.743;0.002;8.425975342;11.42597534;9.925975342;9.925975342;-1.5;1.5
0.745;0.002;8.425776825;11.42577682;9.925776825;9.925776825;-1.5;1.5
0.747;0.002;8.425578311;11.42557831;9.925578311;9.925578311;-1.5;1.5
0.749;0.002;8.425379801;11.4253798;9.925379801;9.925379801;-1.5;1.5
0.751;0.002;8.425181296;11.4251813;9.925181296;9.925181296;-1.5;1.5
0.753;0.002;8.424982794;11.42498279;9.924982794;9.924982794;-1.5;1.5
0.755;0.002;8.424784297;11.4247843;9.924784297;9.924784297;-1.5;1.5
0.757;0.002;8.424585803;11.4245858;9.924585803;9.924585803;-1.5;1.5
0.759;0.002;8.424387313;11.42438731;9.924387313;9.924387313;-1.5;1.5
0.761;0.002;8.424188827;11.42418883;9.924188827;9.924188827;-1.5;1.5
0.763;0.002;8.423990346;11.42399035;9.923990346;9.923990346;-1.5;1.5
0.765;0.002;8.423791868;11.42379187;9.923791868;9.923791868;-1.5;1.5
0.767;0.002;8.423593394;11.42359339;9.923593394;9.923593394;-1.5;1.5
0.769;0.002;8.423394924;11.42339492;9.923394924;9.923394924;-1.5;1.5
0.771;0.002;8.423196458;11.42319646;9.923196458;9.923196458;-1.5;1.5
0.773;0.002;8.422997996;11.422998;9.922997996;9.922997996;-1.5;1.5
0.775;0.002;8.422799538;11.42279954;9.922799538;9.922799538;-1.5;1.5
0.777;0.002;8.422601084;11.42260108;9.922601084;9.922601084;-1.5;1.5
0.779;0.002;8.422402634;11.42240263;9.922402634;9.922402634;-1.5;1.5
0.781;0.002;8.422204188;11.42220419;9.922204188;9.922204188;-1.5;1.5
0.783;0.002;8.422005746;11.42200575;9.922005746;9.922005746;-1.5;1.5
0.785;0.002;8.421807308;11.42180731;9.921807308;9.921807308;-1.5;1.5
0.787;0.002;8.421608874;11.42160887;9.921608874;9.921608874;-1.5;1.5
0.789;0.002;8.421410444;11.42141044;9.921410443;9.921410443;-1.5;1.5
0.791;0.002;8.421212017;11.42121202;9.921212017;9.921212017;-1.5;1.5
0.793;0.002;8.421013595;11.4210136;9.921013595;9.921013595;-1.5;1.5
0.795;0.002;8.420815177;11.42081518;9.920815177;9.920815177;-1.5;1.5
0.797;0.002;8.420616762;11.42061676;9.920616762;9.920616762;-1.5;1.5
0.799;0.002;8.420418352;11.42041835;9.920418352;9.920418352;-1.5;1.5
0.801;0.002;8.420219946;11.42021995;9.920219946;9.920219946;-1.5;1.5
0.803;0.002;8.420021543;11.42002154;9.920021543;9.920021543;-1.5;1.5
0.805;0.002;8.419823145;11.41982314;9.919823145;9.919823145;-1.5;1.5
0.807;0.002;8.41962475;11.41962475;9.91962475;9.91962475;-1.5;1.5
0.809;0.002;8.41942636;11.41942636;9.91942636;9.91942636;-1.5;1.5
0.811;0.002;8.419227973;11.41922797;9.919227973;9.919227973;-1.5;1.5
0.813;0.002;8.419029591;11.41902959;9.919029591;9.919029591;-1.5;1.5
0.815;0.002;8.418831212;11.41883121;9.918831212;9.918831212;-1.5;1.5
0.817;0.002;8.418632837;11.41863284;9.918632837;9.918632837;-1.5;1.5
0.819;0.002;8.418434467;11.41843447;9.918434467;9.918434467;-1.5;1.5
0.821;0.002;8.4182361;11.4182361;9.9182361;9.9182361;-1.5;1.5
0.823;0.002;8.418037737;11.41803774;9.918037737;9.918037737;-1.5;1.5
0.825;0.002;8.417839379;11.41783938;9.917839379;9.917839379;-1.5;1.5
0.827;0.002;8.417641024;11.41764102;9.917641024;9.917641024;-1.5;1.5
0.829;0.002;8.417442673;11.41744267;9.917442673;9.917442673;-1.5;1.5
0.831;0.002;8.417244326;11.41724433;9.917244326;9.917244326;-1.5;1.5
0.833;0.002;8.417045983;11.41704598;9.917045983;9.917045983;-1.5;1.5
0.835;0.002;8.416847644;11.41684764;9.916847644;9.916847644;-1.5;1.5
0.837;0.002;8.416649309;11.41664931;9.916649309;9.916649309;-1.5;1.5
0.839;0.002;8.416450978;11.41645098;9.916450978;9.916450978;-1.5;1.5
0.841;0.002;8.416252651;11.41625265;9.916252651;9.916252651;-1.5;1.5
0.843;0.002;8.416054328;11.41605433;9.916054328;9.916054328;-1.5;1.5
0.845;0.002;8.415856009;11.41585601;9.915856009;9.915856009;-1.5;1.5
0.847;0.002;8.415657694;11.41565769;9.915657694;9.915657694;-1.5;1.5
0.849;0.002;8.415459383;11.41545938;9.915459383;9.915459383;-1.5;1.5
0.851;0.002;8.415261076;11.41526108;9.915261076;9.915261076;-1.5;1.5
0.853;0.002;8.415062772;11.41506277;9.915062772;9.915062772;-1.5;1.5
0.855;0.002;8.414864473;11.41486447;9.914864473;9.914864473;-1.5;1.5
0.857;0.002;8.414666178;11.41466618;9.914666178;9.914666178;-1.5;1.5
0.859;0.002;8.414467886;11.41446789;9.914467886;9.914467886;-1.5;1.5
0.861;0.002;8.414269599;11.4142696;9.914269599;9.914269599;-1.5;1.5
0.863;0.002;8.414071316;11.41407132;9.914071316;9.914071316;-1.5;1.5
0.865;0.002;8.413873036;11.41387304;9.913873036;9.913873036;-1.5;1.5
0.867;0.002;8.413674761;11.41367476;9.913674761;9.913674761;-1.5;1.5
0.869;0.002;8.413476489;11.41347649;9.913476489;9.913476489;-1.5;1.5
0.871;0.002;8.413278222;11.41327822;9.913278222;9.913278222;-1.5;1.5
0.873;0.002;8.413079958;11.41307996;9.913079958;9.913079958;-1.5;1.5
0.875;0.002;8.412881698;11.4128817;9.912881698;9.912881698;-1.5;1.5
0.877;0.002;8.412683443;11.41268344;9.912683443;9.912683443;-1.5;1.5
0.879;0.002;8.412485191;11.41248519;9.912485191;9.912485191;-1.5;1.5
0.881;0.002;8.412286943;11.41228694;9.912286943;9.912286943;-1.5;1.5
0.883;0.002;8.4120887;11.4120887;9.9120887;9.9120887;-1.5;1.5
0.885;0.002;8.41189046;11.41189046;9.91189046;9.91189046;-1.5;1.5
0.887;0.002;8.411692224;11.41169222;9.911692224;9.911692224;-1.5;1.5
0.889;0.002;8.411493992;11.41149399;9.911493992;9.911493992;-1.5;1.5
0.891;0.002;8.411295764;11.41129576;9.911295764;9.911295764;-1.5;1.5
0.893;0.002;8.41109754;11.41109754;9.91109754;9.91109754;-1.5;1.5
0.895;0.002;8.41089932;11.41089932;9.91089932;9.91089932;-1.5;1.5
0.897;0.002;8.410701104;11.4107011;9.910701104;9.910701104;-1.5;1.5
0.899;0.002;8.410502892;11.41050289;9.910502892;9.910502892;-1.5;1.5
0.901;0.002;8.410304684;11.41030468;9.910304684;9.910304684;-1.5;1.5
0.903;0.002;8.41010648;11.41010648;9.91010648;9.91010648;-1.5;1.5
0.905;0.002;8.40990828;11.40990828;9.90990828;9.90990828;-1.5;1.5
0.907;0.002;8.409710084;11.40971008;9.909710084;9.909710084;-1.5;1.5
0.909;0.002;8.409511892;11.40951189;9.909511892;9.909511892;-1.5;1.5
0.911;0.002;8.409313703;11.4093137;9.909313703;9.909313703;-1.5;1.5
0.913;0.002;8.409115519;11.40911552;9.909115519;9.909115519;-1.5;1.5
0.915;0.002;8.408917339;11.40891734;9.908917339;9.908917339;-1.5;1.5
0.917;0.002;8.408719162;11.40871916;9.908719162;9.908719162;-1.5;1.5
0.919;0.002;8.40852099;11.40852099;9.90852099;9.90852099;-1.5;1.5
0.921;0.002;8.408322821;11.40832282;9.908322821;9.908322821;-1.5;1.5
0.923;0.002;8.408124657;11.40812466;9.908124657;9.908124657;-1.5;1.5
0.925;0.002;8.407926496;11.4079265;9.907926496;9.907926496;-1.5;1.5
0.927;0.002;8.40772834;11.40772834;9.90772834;9.90772834;-1.5;1.5
0.929;0.002;8.407530187;11.40753019;9.907530187;9.907530187;-1.5;1.5
0.931;0.002;8.407332039;11.40733204;9.907332039;9.907332039;-1.5;1.5
0.933;0.002;8.407133894;11.40713389;9.907133894;9.907133894;-1.5;1.5
0.935;0.002;8.406935753;11.40693575;9.906935753;9.906935753;-1.5;1.5
0.937;0.002;8.406737617;11.40673762;9.906737617;9.906737617;-1.5;1.5
0.939;0.002;8.406539484;11.40653948;9.906539484;9.906539484;-1.5;1.5
0.941;0.002;8.406341355;11.40634136;9.906341355;9.906341355;-1.5;1.5
0.943;0.002;8.40614323;11.40614323;9.90614323;9.90614323;-1.5;1.5
0.945;0.002;8.405945109;11.40594511;9.905945109;9.905945109;-1.5;1.5
0.947;0.002;8.405746992;11.40574699;9.905746992;9.905746992;-1.5;1.5
0.949;0.002;8.405548879;11.40554888;9.905548879;9.905548879;-1.5;1.5
0.951;0.002;8.40535077;11.40535077;9.90535077;9.90535077;-1.5;1.5
0.953;0.002;8.405152665;11.40515267;9.905152665;9.905152665;-1.5;1.5
0.955;0.002;8.404954564;11.40495456;9.904954564;9.904954564;-1.5;1.5
0.957;0.002;8.404756467;11.40475647;9.904756467;9.904756467;-1.5;1.5
0.959;0.002;8.404558374;11.40455837;9.904558374;9.904558374;-1.5;1.5
0.961;0.002;8.404360285;11.40436028;9.904360285;9.904360285;-1.5;1.5
0.963;0.002;8.4041622;11.4041622;9.9041622;9.9041622;-1.5;1.5
0.965;0.002;8.403964118;11.40396412;9.903964118;9.903964118;-1.5;1.5
0.967;0.002;8.403766041;11.40376604;9.903766041;9.903766041;-1.5;1.5
0.969;0.002;8.403567968;11.40356797;9.903567968;9.903567968;-1.5;1.5
0.971;0.002;8.403369898;11.4033699;9.903369898;9.903369898;-1.5;1.5
0.973;0.002;8.403171833;11.40317183;9.903171833;9.903171833;-1.5;1.5
0.975;0.002;8.402973771;11.40297377;9.902973771;9.902973771;-1.5;1.5
0.977;0.002;8.402775714;11.40277571;9.902775714;9.902775714;-1.5;1.5
0.979;0.002;8.40257766;11.40257766;9.90257766;9.90257766;-1.5;1.5
0.981;0.002;8.402379611;11.40237961;9.902379611;9.902379611;-1.5;1.5
0.983;0.002;8.402181565;11.40218157;9.902181565;9.902181565;-1.5;1.5
0.985;0.002;8.401983524;11.40198352;9.901983524;9.901983524;-1.5;1.5
0.987;0.002;8.401785486;11.40178549;9.901785486;9.901785486;-1.5;1.5
0.989;0.002;8.401587452;11.40158745;9.901587452;9.901587452;-1.5;1.5
0.991;0.002;8.401389422;11.40138942;9.901389422;9.901389422;-1.5;1.5
0.993;0.002;8.401191397;11.4011914;9.901191397;9.901191397;-1.5;1.5
0.995;0.002;8.400993375;11.40099337;9.900993375;9.900993375;-1.5;1.5
0.997;0.002;8.400795357;11.40079536;9.900795357;9.900795357;-1.5;1.5
0.999;0.002;8.400597343;11.40059734;9.900597343;9.900597343;-1.5;1.5
1.001;0.002;8.400399333;11.40039933;9.900399333;9.900399333;-1.5;1.5
1.003;0.002;8.400201327;11.40020133;9.900201327;9.900201327;-1.5;1.5
1.005;0.002;8.400003325;11.40000332;9.900003325;9.900003325;-1.5;1.5
1.007;0.002;8.399805327;11.39980533;9.899805327;9.899805327;-1.5;1.5
1.009;0.002;8.399607333;11.39960733;9.899607333;9.899607333;-1.5;1.5
1.011;0.002;8.399409343;11.39940934;9.899409343;9.899409343;-1.5;1.5
1.013;0.002;8.399211356;11.39921136;9.899211356;9.899211356;-1.5;1.5
1.015;0.002;8.399013374;11.39901337;9.899013374;9.899013374;-1.5;1.5
1.017;0.002;8.398815396;11.3988154;9.898815396;9.898815396;-1.5;1.5
1.019;0.002;8.398617422;11.39861742;9.898617422;9.898617422;-1.5;1.5
1.021;0.002;8.398419451;11.39841945;9.898419451;9.898419451;-1.5;1.5
1.023;0.002;8.398221485;11.39822148;9.898221485;9.898221485;-1.5;1.5
1.025;0.002;8.398023522;11.39802352;9.898023522;9.898023522;-1.5;1.5
1.027;0.002;8.397825564;11.39782556;9.897825564;9.897825564;-1.5;1.5
1.029;0.002;8.397627609;11.39762761;9.897627609;9.897627609;-1.5;1.5
1.031;0.002;8.397429659;11.39742966;9.897429659;9.897429659;-1.5;1.5
1.033;0.002;8.397231712;11.39723171;9.897231712;9.897231712;-1.5;1.5
1.035;0.002;8.397033769;11.39703377;9.897033769;9.897033769;-1.5;1.5
1.037;0.002;8.396835831;11.39683583;9.896835831;9.896835831;-1.5;1.5
1.039;0.002;8.396637896;11.3966379;9.896637896;9.896637896;-1.5;1.5
1.041;0.002;8.396439965;11.39643997;9.896439965;9.896439965;-1.5;1.5
1.043;0.002;8.396242038;11.39624204;9.896242038;9.896242038;-1.5;1.5
1.045;0.002;8.396044116;11.39604412;9.896044116;9.896044116;-1.5;1.5
1.047;0.002;8.395846197;11.3958462;9.895846197;9.895846197;-1.5;1.5
1.049;0.002;8.395648282;11.39564828;9.895648282;9.895648282;-1.5;1.5
1.051;0.002;8.395450371;11.39545037;9.895450371;9.895450371;-1.5;1.5
1.053;0.002;8.395252464;11.39525246;9.895252464;9.895252464;-1.5;1.5
1.055;0.002;8.395054561;11.39505456;9.895054561;9.895054561;-1.5;1.5
1.057;0.002;8.394856661;11.39485666;9.894856661;9.894856661;-1.5;1.5
1.059;0.002;8.394658766;11.39465877;9.894658766;9.894658766;-1.5;1.5
1.061;0.002;8.394460875;11.39446088;9.894460875;9.894460875;-1.5;1.5
1.063;0.002;8.394262988;11.39426299;9.894262988;9.894262988;-1.5;1.5
1.065;0.002;8.394065105;11.3940651;9.894065105;9.894065105;-1.5;1.5
1.067;0.002;8.393867225;11.39386723;9.893867225;9.893867225;-1.5;1.5
1.069;0.002;8.39366935;11.39366935;9.89366935;9.89366935;-1.5;1.5
1.071;0.002;8.393471479;11.39347148;9.893471479;9.893471479;-1.5;1.5
1.073;0.002;8.393273611;11.39327361;9.893273611;9.893273611;-1.5;1.5
1.075;0.002;8.393075748;11.39307575;9.893075748;9.893075748;-1.5;1.5
1.077;0.002;8.392877888;11.39287789;9.892877888;9.892877888;-1.5;1.5
1.079;0.002;8.392680032;11.39268003;9.892680032;9.892680032;-1.5;1.5
1.081;0.002;8.392482181;11.39248218;9.892482181;9.892482181;-1.5;1.5
1.083;0.002;8.392284333;11.39228433;9.892284333;9.892284333;-1.5;1.5
1.085;0.002;8.392086489;11.39208649;9.892086489;9.892086489;-1.5;1.5
1.087;0.002;8.39188865;11.39188865;9.89188865;9.89188865;-1.5;1.5
1.089;0.002;8.391690814;11.39169081;9.891690814;9.891690814;-1.5;1.5
1.091;0.002;8.391492982;11.39149298;9.891492982;9.891492982;-1.5;1.5
1.093;0.002;8.391295154;11.39129515;9.891295154;9.891295154;-1.5;1.5
1.095;0.002;8.39109733;11.39109733;9.89109733;9.89109733;-1.5;1.5
1.097;0.002;8.39089951;11.39089951;9.89089951;9.89089951;-1.5;1.5
1.099;0.002;8.390701694;11.39070169;9.890701694;9.890701694;-1.5;1.5
1.101;0.002;8.390503882;11.39050388;9.890503882;9.890503882;-1.5;1.5
1.103;0.002;8.390306074;11.39030607;9.890306074;9.890306074;-1.5;1.5
1.105;0.002;8.39010827;11.39010827;9.89010827;9.89010827;-1.5;1.5
1.107;0.002;8.38991047;11.38991047;9.88991047;9.88991047;-1.5;1.5
1.109;0.002;8.389712674;11.38971267;9.889712674;9.889712674;-1.5;1.5
1.111;0.002;8.389514881;11.38951488;9.889514881;9.889514881;-1.5;1.5
1.113;0.002;8.389317093;11.38931709;9.889317093;9.889317093;-1.5;1.5
1.115;0.002;8.389119309;11.38911931;9.889119309;9.889119309;-1.5;1.5
1.117;0.002;8.388921528;11.38892153;9.888921528;9.888921528;-1.5;1.5
1.119;0.002;8.388723752;11.38872375;9.888723752;9.888723752;-1.5;1.5
1.121;0.002;8.388525979;11.38852598;9.888525979;9.888525979;-1.5;1.5
1.123;0.002;8.388328211;11.38832821;9.888328211;9.888328211;-1.5;1.5
1.125;0.002;8.388130446;11.38813045;9.888130446;9.888130446;-1.5;1.5
1.127;0.002;8.387932685;11.38793269;9.887932685;9.887932685;-1.5;1.5
1.129;0.002;8.387734929;11.38773493;9.887734929;9.887734929;-1.5;1.5
1.131;0.002;8.387537176;11.38753718;9.887537176;9.887537176;-1.5;1.5
1.133;0.002;8.387339427;11.38733943;9.887339427;9.887339427;-1.5;1.5
1.135;0.002;8.387141683;11.38714168;9.887141683;9.887141683;-1.5;1.5
1.137;0.002;8.386943942;11.38694394;9.886943942;9.886943942;-1.5;1.5
1.139;0.002;8.386746205;11.3867462;9.886746205;9.886746205;-1.5;1.5
1.141;0.002;8.386548472;11.38654847;9.886548472;9.886548472;-1.5;1.5
1.143;0.002;8.386350743;11.38635074;9.886350743;9.886350743;-1.5;1.5
1.145;0.002;8.386153018;11.38615302;9.886153018;9.886153018;-1.5;1.5
1.147;0.002;8.385955297;11.3859553;9.885955297;9.885955297;-1.5;1.5
1.149;0.002;8.38575758;11.38575758;9.88575758;9.88575758;-1.5;1.5
1.151;0.002;8.385559866;11.38555987;9.885559866;9.885559866;-1.5;1.5
1.153;0.002;8.385362157;11.38536216;9.885362157;9.885362157;-1.5;1.5
1.155;0.002;8.385164452;11.38516445;9.885164452;9.885164452;-1.5;1.5
1.157;0.002;8.384966751;11.38496675;9.884966751;9.884966751;-1.5;1.5
1.159;0.002;8.384769053;11.38476905;9.884769053;9.884769053;-1.5;1.5
1.161;0.002;8.38457136;11.38457136;9.88457136;9.88457136;-1.5;1.5
1.163;0.002;8.38437367;11.38437367;9.88437367;9.88437367;-1.5;1.5
1.165;0.002;8.384175985;11.38417598;9.884175985;9.884175985;-1.5;1.5
1.167;0.002;8.383978303;11.3839783;9.883978303;9.883978303;-1.5;1.5
1.169;0.002;8.383780626;11.38378063;9.883780626;9.883780626;-1.5;1.5
1.171;0.002;8.383582952;11.38358295;9.883582952;9.883582952;-1.5;1.5
1.173;0.002;8.383385282;11.38338528;9.883385282;9.883385282;-1.5;1.5
1.175;0.002;8.383187617;11.38318762;9.883187617;9.883187617;-1.5;1.5
1.177;0.002;8.382989955;11.38298995;9.882989955;9.882989955;-1.5;1.5
1.179;0.002;8.382792297;11.3827923;9.882792297;9.882792297;-1.5;1.5
1.181;0.002;8.382594643;11.38259464;9.882594643;9.882594643;-1.5;1.5
1.183;0.002;8.382396993;11.38239699;9.882396993;9.882396993;-1.5;1.5
1.185;0.002;8.382199347;11.38219935;9.882199347;9.882199347;-1.5;1.5
1.187;0.002;8.382001705;11.38200171;9.882001705;9.882001705;-1.5;1.5
1.189;0.002;8.381804067;11.38180407;9.881804067;9.881804067;-1.5;1.5
1.191;0.002;8.381606433;11.38160643;9.881606433;9.881606433;-1.5;1.5
1.193;0.002;8.381408803;11.3814088;9.881408803;9.881408803;-1.5;1.5
1.195;0.002;8.381211177;11.38121118;9.881211177;9.881211177;-1.5;1.5
1.197;0.002;8.381013555;11.38101355;9.881013555;9.881013555;-1.5;1.5
1.199;0.002;8.380815936;11.38081594;9.880815936;9.880815936;-1.5;1.5
1.201;0.002;8.380618322;11.38061832;9.880618322;9.880618322;-1.5;1.5
1.203;0.002;8.380420712;11.38042071;9.880420712;9.880420712;-1.5;1.5
1.205;0.002;8.380223105;11.38022311;9.880223105;9.880223105;-1.5;1.5
1.207;0.002;8.380025503;11.3800255;9.880025503;9.880025503;-1.5;1.5
1.209;0.002;8.379827904;11.3798279;9.879827904;9.879827904;-1.5;1.5
1.211;0.002;8.37963031;11.37963031;9.87963031;9.87963031;-1.5;1.5
1.213;0.002;8.379432719;11.37943272;9.879432719;9.879432719;-1.5;1.5
1.215;0.002;8.379235132;11.37923513;9.879235132;9.879235132;-1.5;1.5
1.217;0.002;8.379037549;11.37903755;9.879037549;9.879037549;-1.5;1.5
1.219;0.002;8.378839971;11.37883997;9.878839971;9.878839971;-1.5;1.5
1.221;0.002;8.378642396;11.3786424;9.878642396;9.878642396;-1.5;1.5
1.223;0.002;8.378444825;11.37844483;9.878444825;9.878444825;-1.5;1.5
1.225;0.002;8.378247258;11.37824726;9.878247258;9.878247258;-1.5;1.5
1.227;0.002;8.378049695;11.3780497;9.878049695;9.878049695;-1.5;1.5
1.229;0.002;8.377852136;11.37785214;9.877852136;9.877852136;-1.5;1.5
1.231;0.002;8.377654581;11.37765458;9.877654581;9.877654581;-1.5;1.5
1.233;0.002;8.37745703;11.37745703;9.87745703;9.87745703;-1.5;1.5
1.235;0.002;8.377259483;11.37725948;9.877259483;9.877259483;-1.5;1.5
1.237;0.002;8.37706194;11.37706194;9.87706194;9.87706194;-1.5;1.5
1.239;0.002;8.3768644;11.3768644;9.8768644;9.8768644;-1.5;1.5
1.241;0.002;8.376666865;11.37666686;9.876666865;9.876666865;-1.5;1.5
1.243;0.002;8.376469334;11.37646933;9.876469334;9.876469334;-1.5;1.5
1.245;0.002;8.376271806;11.37627181;9.876271806;9.876271806;-1.5;1.5
1.247;0.002;8.376074283;11.37607428;9.876074283;9.876074283;-1.5;1.5
1.249;0.002;8.375876763;11.37587676;9.875876763;9.875876763;-1.5;1.5
1.251;0.002;8.375679248;11.37567925;9.875679248;9.875679248;-1.5;1.5
1.253;0.002;8.375481736;11.37548174;9.875481736;9.875481736;-1.5;1.5
1.255;0.002;8.375284228;11.37528423;9.875284228;9.875284228;-1.5;1.5
1.257;0.002;8.375086725;11.37508672;9.875086725;9.875086725;-1.5;1.5
1.259;0.002;8.374889225;11.37488922;9.874889225;9.874889225;-1.5;1.5
1.261;0.002;8.374691729;11.37469173;9.874691729;9.874691729;-1.5;1.5
1.263;0.002;8.374494237;11.37449424;9.874494237;9.874494237;-1.5;1.5
1.265;0.002;8.374296749;11.37429675;9.874296749;9.874296749;-1.5;1.5
1.267;0.002;8.374099265;11.37409927;9.874099265;9.874099265;-1.5;1.5
1.269;0.002;8.373901785;11.37390179;9.873901785;9.873901785;-1.5;1.5
1.271;0.002;8.373704309;11.37370431;9.873704309;9.873704309;-1.5;1.5
1.273;0.002;8.373506837;11.37350684;9.873506837;9.873506837;-1.5;1.5
1.275;0.002;8.373309369;11.37330937;9.873309369;9.873309369;-1.5;1.5
1.277;0.002;8.373111905;11.3731119;9.873111905;9.873111905;-1.5;1.5
1.279;0.002;8.372914445;11.37291444;9.872914445;9.872914445;-1.5;1.5
1.281;0.002;8.372716988;11.37271699;9.872716988;9.872716988;-1.5;1.5
1.283;0.002;8.372519536;11.37251954;9.872519536;9.872519536;-1.5;1.5
1.285;0.002;8.372322087;11.37232209;9.872322087;9.872322087;-1.5;1.5
1.287;0.002;8.372124643;11.37212464;9.872124643;9.872124643;-1.5;1.5
1.289;0.002;8.371927202;11.3719272;9.871927202;9.871927202;-1.5;1.5
1.291;0.002;8.371729766;11.37172977;9.871729766;9.871729766;-1.5;1.5
1.293;0.002;8.371532333;11.37153233;9.871532333;9.871532333;-1.5;1.5
1.295;0.002;8.371334905;11.3713349;9.871334905;9.871334905;-1.5;1.5
1.297;0.002;8.37113748;11.37113748;9.87113748;9.87113748;-1.5;1.5
1.299;0.002;8.370940059;11.37094006;9.870940059;9.870940059;-1.5;1.5
1.301;0.002;8.370742642;11.37074264;9.870742642;9.870742642;-1.5;1.5
1.303;0.002;8.370545229;11.37054523;9.870545229;9.870545229;-1.5;1.5
1.305;0.002;8.37034782;11.37034782;9.87034782;9.87034782;-1.5;1.5
1.307;0.002;8.370150416;11.37015042;9.870150415;9.870150415;-1.5;1.5
1.309;0.002;8.369953014;11.36995301;9.869953014;9.869953014;-1.5;1.5
1.311;0.002;8.369755617;11.36975562;9.869755617;9.869755617;-1.5;1.5
1.313;0.002;8.369558224;11.36955822;9.869558224;9.869558224;-1.5;1.5
1.315;0.002;8.369360835;11.36936084;9.869360835;9.869360835;-1.5;1.5
1.317;0.002;8.36916345;11.36916345;9.86916345;9.86916345;-1.5;1.5
1.319;0.002;8.368966069;11.36896607;9.868966069;9.868966069;-1.5;1.5
1.321;0.002;8.368768691;11.36876869;9.868768691;9.868768691;-1.5;1.5
1.323;0.002;8.368571318;11.36857132;9.868571318;9.868571318;-1.5;1.5
1.325;0.002;8.368373948;11.36837395;9.868373948;9.868373948;-1.5;1.5
1.327;0.002;8.368176583;11.36817658;9.868176583;9.868176583;-1.5;1.5
1.329;0.002;8.367979221;11.36797922;9.867979221;9.867979221;-1.5;1.5
1.331;0.002;8.367781864;11.36778186;9.867781864;9.867781864;-1.5;1.5
1.333;0.002;8.36758451;11.36758451;9.86758451;9.86758451;-1.5;1.5
1.335;0.002;8.36738716;11.36738716;9.86738716;9.86738716;-1.5;1.5
1.337;0.002;8.367189814;11.36718981;9.867189814;9.867189814;-1.5;1.5
1.339;0.002;8.366992473;11.36699247;9.866992473;9.866992473;-1.5;1.5
1.341;0.002;8.366795135;11.36679513;9.866795135;9.866795135;-1.5;1.5
1.343;0.002;8.366597801;11.3665978;9.866597801;9.866597801;-1.5;1.5
1.345;0.002;8.366400471;11.36640047;9.866400471;9.866400471;-1.5;1.5
1.347;0.002;8.366203145;11.36620314;9.866203145;9.866203145;-1.5;1.5
1.349;0.002;8.366005823;11.36600582;9.866005823;9.866005823;-1.5;1.5
1.351;0.002;8.365808505;11.3658085;9.865808505;9.865808505;-1.5;1.5
1.353;0.002;8.36561119;11.36561119;9.86561119;9.86561119;-1.5;1.5
1.355;0.002;8.36541388;11.36541388;9.86541388;9.86541388;-1.5;1.5
1.357;0.002;8.365216574;11.36521657;9.865216574;9.865216574;-1.5;1.5
1.359;0.002;8.365019271;11.36501927;9.865019271;9.865019271;-1.5;1.5
1.361;0.002;8.364821973;11.36482197;9.864821973;9.864821973;-1.5;1.5
1.363;0.002;8.364624679;11.36462468;9.864624679;9.864624679;-1.5;1.5
1.365;0.002;8.364427388;11.36442739;9.864427388;9.864427388;-1.5;1.5
1.367;0.002;8.364230102;11.3642301;9.864230102;9.864230102;-1.5;1.5
1.369;0.002;8.364032819;11.36403282;9.864032819;9.864032819;-1.5;1.5
1.371;0.002;8.36383554;11.36383554;9.86383554;9.86383554;-1.5;1.5
1.373;0.002;8.363638265;11.36363827;9.863638265;9.863638265;-1.5;1.5
1.375;0.002;8.363440995;11.36344099;9.863440995;9.863440995;-1.5;1.5
1.377;0.002;8.363243728;11.36324373;9.863243728;9.863243728;-1.5;1.5
1.379;0.002;8.363046465;11.36304646;9.863046465;9.863046465;-1.5;1.5
1.381;0.002;8.362849206;11.36284921;9.862849206;9.862849206;-1.5;1.5
1.383;0.002;8.362651951;11.36265195;9.862651951;9.862651951;-1.5;1.5
1.385;0.002;8.3624547;11.3624547;9.8624547;9.8624547;-1.5;1.5
1.387;0.002;8.362257453;11.36225745;9.862257453;9.862257453;-1.5;1.5
1.389;0.002;8.36206021;11.36206021;9.86206021;9.86206021;-1.5;1.5
1.391;0.002;8.36186297;11.36186297;9.86186297;9.86186297;-1.5;1.5
1.393;0.002;8.361665735;11.36166574;9.861665735;9.861665735;-1.5;1.5
1.395;0.002;8.361468504;11.3614685;9.861468504;9.861468504;-1.5;1.5
1.397;0.002;8.361271276;11.36127128;9.861271276;9.861271276;-1.5;1.5
1.399;0.002;8.361074053;11.36107405;9.861074053;9.861074053;-1.5;1.5
1.401;0.002;8.360876833;11.36087683;9.860876833;9.860876833;-1.5;1.5
1.403;0.002;8.360679618;11.36067962;9.860679618;9.860679618;-1.5;1.5
1.405;0.002;8.360482406;11.36048241;9.860482406;9.860482406;-1.5;1.5
1.407;0.002;8.360285199;11.3602852;9.860285199;9.860285199;-1.5;1.5
1.409;0.002;8.360087995;11.36008799;9.860087995;9.860087995;-1.5;1.5
1.411;0.002;8.359890795;11.35989079;9.859890795;9.859890795;-1.5;1.5
1.413;0.002;8.359693599;11.3596936;9.859693599;9.859693599;-1.5;1.5
1.415;0.002;8.359496407;11.35949641;9.859496407;9.859496407;-1.5;1.5
1.417;0.002;8.359299219;11.35929922;9.859299219;9.859299219;-1.5;1.5
1.419;0.002;8.359102035;11.35910204;9.859102035;9.859102035;-1.5;1.5
1.421;0.002;8.358904855;11.35890486;9.858904855;9.858904855;-1.5;1.5
1.423;0.002;8.358707679;11.35870768;9.858707679;9.858707679;-1.5;1.5
1.425;0.002;8.358510507;11.35851051;9.858510507;9.858510507;-1.5;1.5
1.427;0.002;8.358313339;11.35831334;9.858313339;9.858313339;-1.5;1.5
1.429;0.002;8.358116174;11.35811617;9.858116174;9.858116174;-1.5;1.5
1.431;0.002;8.357919014;11.35791901;9.857919014;9.857919014;-1.5;1.5
1.433;0.002;8.357721858;11.35772186;9.857721858;9.857721858;-1.5;1.5
1.435;0.002;8.357524705;11.35752471;9.857524705;9.857524705;-1.5;1.5
1.437;0.002;8.357327557;11.35732756;9.857327557;9.857327557;-1.5;1.5
1.439;0.002;8.357130412;11.35713041;9.857130412;9.857130412;-1.5;1.5
1.441;0.002;8.356933271;11.35693327;9.856933271;9.856933271;-1.5;1.5
1.443;0.002;8.356736135;11.35673613;9.856736135;9.856736135;-1.5;1.5
1.445;0.002;8.356539002;11.356539;9.856539002;9.856539002;-1.5;1.5
1.447;0.002;8.356341873;11.35634187;9.856341873;9.856341873;-1.5;1.5
1.449;0.002;8.356144748;11.35614475;9.856144748;9.856144748;-1.5;1.5
1.451;0.002;8.355947627;11.35594763;9.855947627;9.855947627;-1.5;1.5
1.453;0.002;8.35575051;11.35575051;9.85575051;9.85575051;-1.5;1.5
1.455;0.002;8.355553397;11.3555534;9.855553397;9.855553397;-1.5;1.5
1.457;0.002;8.355356288;11.35535629;9.855356288;9.855356288;-1.5;1.5
1.459;0.002;8.355159183;11.35515918;9.855159183;9.855159183;-1.5;1.5
1.461;0.002;8.354962082;11.35496208;9.854962082;9.854962082;-1.5;1.5
1.463;0.002;8.354764985;11.35476498;9.854764985;9.854764985;-1.5;1.5
1.465;0.002;8.354567891;11.35456789;9.854567891;9.854567891;-1.5;1.5
1.467;0.002;8.354370802;11.3543708;9.854370802;9.854370802;-1.5;1.5
1.469;0.002;8.354173716;11.35417372;9.854173716;9.854173716;-1.5;1.5
1.471;0.002;8.353976635;11.35397663;9.853976635;9.853976635;-1.5;1.5
1.473;0.002;8.353779557;11.35377956;9.853779557;9.853779557;-1.5;1.5
1.475;0.002;8.353582484;11.35358248;9.853582484;9.853582484;-1.5;1.5
1.477;0.002;8.353385414;11.35338541;9.853385414;9.853385414;-1.5;1.5
1.479;0.002;8.353188348;11.35318835;9.853188348;9.853188348;-1.5;1.5
1.481;0.002;8.352991287;11.35299129;9.852991287;9.852991287;-1.5;1.5
1.483;0.002;8.352794229;11.35279423;9.852794229;9.852794229;-1.5;1.5
1.485;0.002;8.352597175;11.35259717;9.852597175;9.852597175;-1.5;1.5
1.487;0.002;8.352400125;11.35240012;9.852400125;9.852400125;-1.5;1.5
1.489;0.002;8.352203079;11.35220308;9.852203079;9.852203079;-1.5;1.5
1.491;0.002;8.352006037;11.35200604;9.852006037;9.852006037;-1.5;1.5
1.493;0.002;8.351808999;11.351809;9.851808999;9.851808999;-1.5;1.5
1.495;0.002;8.351611964;11.35161196;9.851611964;9.851611964;-1.5;1.5
1.497;0.002;8.351414934;11.35141493;9.851414934;9.851414934;-1.5;1.5
1.499;0.002;8.351217908;11.35121791;9.851217908;9.851217908;-1.5;1.5
1.501;0.002;8.351020885;11.35102089;9.851020885;9.851020885;-1.5;1.5
1.503;0.002;8.350823867;11.35082387;9.850823867;9.850823867;-1.5;1.5
1.505;0.002;8.350626852;11.35062685;9.850626852;9.850626852;-1.5;1.5
1.507;0.002;8.350429842;11.35042984;9.850429842;9.850429842;-1.5;1.5
1.509;0.002;8.350232835;11.35023284;9.850232835;9.850232835;-1.5;1.5
1.511;0.002;8.350035833;11.35003583;9.850035832;9.850035832;-1.5;1.5
1.513;0.002;8.349838834;11.34983883;9.849838834;9.849838834;-1.5;1.5
1.515;0.002;8.349641839;11.34964184;9.849641839;9.849641839;-1.5;1.5
1.517;0.002;8.349444848;11.34944485;9.849444848;9.849444848;-1.5;1.5
1.519;0.002;8.349247861;11.34924786;9.849247861;9.849247861;-1.5;1.5
1.521;0.002;8.349050878;11.34905088;9.849050878;9.849050878;-1.5;1.5
1.523;0.002;8.348853899;11.3488539;9.848853899;9.848853899;-1.5;1.5
1.525;0.002;8.348656924;11.34865692;9.848656924;9.848656924;-1.5;1.5
1.527;0.002;8.348459953;11.34845995;9.848459953;9.848459953;-1.5;1.5
1.529;0.002;8.348262986;11.34826299;9.848262986;9.848262986;-1.5;1.5
1.531;0.002;8.348066022;11.34806602;9.848066022;9.848066022;-1.5;1.5
1.533;0.002;8.347869063;11.34786906;9.847869063;9.847869063;-1.5;1.5
1.535;0.002;8.347672108;11.34767211;9.847672108;9.847672108;-1.5;1.5
1.537;0.002;8.347475156;11.34747516;9.847475156;9.847475156;-1.5;1.5
1.539;0.002;8.347278209;11.34727821;9.847278209;9.847278209;-1.5;1.5
1.541;0.002;8.347081265;11.34708126;9.847081265;9.847081265;-1.5;1.5
1.543;0.002;8.346884325;11.34688433;9.846884325;9.846884325;-1.5;1.5
1.545;0.002;8.34668739;11.34668739;9.84668739;9.84668739;-1.5;1.5
1.547;0.002;8.346490458;11.34649046;9.846490458;9.846490458;-1.5;1.5
1.549;0.002;8.34629353;11.34629353;9.84629353;9.84629353;-1.5;1.5
1.551;0.002;8.346096606;11.34609661;9.846096606;9.846096606;-1.5;1.5
1.553;0.002;8.345899686;11.34589969;9.845899686;9.845899686;-1.5;1.5
1.555;0.002;8.34570277;11.34570277;9.84570277;9.84570277;-1.5;1.5
1.557;0.002;8.345505858;11.34550586;9.845505858;9.845505858;-1.5;1.5
1.559;0.002;8.34530895;11.34530895;9.84530895;9.84530895;-1.5;1.5
1.561;0.002;8.345112046;11.34511205;9.845112046;9.845112046;-1.5;1.5
1.563;0.002;8.344915145;11.34491515;9.844915145;9.844915145;-1.5;1.5
1.565;0.002;8.344718249;11.34471825;9.844718249;9.844718249;-1.5;1.5
1.567;0.002;8.344521357;11.34452136;9.844521357;9.844521357;-1.5;1.5
1.569;0.002;8.344324468;11.34432447;9.844324468;9.844324468;-1.5;1.5
1.571;0.002;8.344127584;11.34412758;9.844127584;9.844127584;-1.5;1.5
1.573;0.002;8.343930703;11.3439307;9.843930703;9.843930703;-1.5;1.5
1.575;0.002;8.343733826;11.34373383;9.843733826;9.843733826;-1.5;1.5
1.577;0.002;8.343536954;11.34353695;9.843536954;9.843536954;-1.5;1.5
1.579;0.002;8.343340085;11.34334008;9.843340085;9.843340085;-1.5;1.5
1.581;0.002;8.34314322;11.34314322;9.84314322;9.84314322;-1.5;1.5
1.583;0.002;8.342946359;11.34294636;9.842946359;9.842946359;-1.5;1.5
1.585;0.002;8.342749502;11.3427495;9.842749502;9.842749502;-1.5;1.5
1.587;0.002;8.342552649;11.34255265;9.842552649;9.842552649;-1.5;1.5
1.589;0.002;8.3423558;11.3423558;9.8423558;9.8423558;-1.5;1.5
1.591;0.002;8.342158955;11.34215896;9.842158955;9.842158955;-1.5;1.5
1.593;0.002;8.341962114;11.34196211;9.841962114;9.841962114;-1.5;1.5
1.595;0.002;8.341765277;11.34176528;9.841765277;9.841765277;-1.5;1.5
1.597;0.002;8.341568443;11.34156844;9.841568443;9.841568443;-1.5;1.5
1.599;0.002;8.341371614;11.34137161;9.841371614;9.841371614;-1.5;1.5
1.601;0.002;8.341174788;11.34117479;9.841174788;9.841174788;-1.5;1.5
1.603;0.002;8.340977967;11.34097797;9.840977967;9.840977967;-1.5;1.5
1.605;0.002;8.340781149;11.34078115;9.840781149;9.840781149;-1.5;1.5
1.607;0.002;8.340584336;11.34058434;9.840584336;9.840584336;-1.5;1.5
1.609;0.002;8.340387526;11.34038753;9.840387526;9.840387526;-1.5;1.5
1.611;0.002;8.34019072;11.34019072;9.84019072;9.84019072;-1.5;1.5
1.613;0.002;8.339993918;11.33999392;9.839993918;9.839993918;-1.5;1.5
1.615;0.002;8.33979712;11.33979712;9.83979712;9.83979712;-1.5;1.5
1.617;0.002;8.339600326;11.33960033;9.839600326;9.839600326;-1.5;1.5
1.619;0.002;8.339403536;11.33940354;9.839403536;9.839403536;-1.5;1.5
1.621;0.002;8.33920675;11.33920675;9.83920675;9.83920675;-1.5;1.5
1.623;0.002;8.339009968;11.33900997;9.839009968;9.839009968;-1.5;1.5
1.625;0.002;8.33881319;11.33881319;9.83881319;9.83881319;-1.5;1.5
1.627;0.002;8.338616415;11.33861642;9.838616415;9.838616415;-1.5;1.5
1.629;0.002;8.338419645;11.33841965;9.838419645;9.838419645;-1.5;1.5
1.631;0.002;8.338222879;11.33822288;9.838222879;9.838222879;-1.5;1.5
1.633;0.002;8.338026116;11.33802612;9.838026116;9.838026116;-1.5;1.5
1.635;0.002;8.337829358;11.33782936;9.837829358;9.837829358;-1.5;1.5
1.637;0.002;8.337632603;11.3376326;9.837632603;9.837632603;-1.5;1.5
1.639;0.002;8.337435852;11.33743585;9.837435852;9.837435852;-1.5;1.5
1.641;0.002;8.337239106;11.33723911;9.837239106;9.837239106;-1.5;1.5
1.643;0.002;8.337042363;11.33704236;9.837042363;9.837042363;-1.5;1.5
1.645;0.002;8.336845624;11.33684562;9.836845624;9.836845624;-1.5;1.5
1.647;0.002;8.336648889;11.33664889;9.836648889;9.836648889;-1.5;1.5
1.649;0.002;8.336452158;11.33645216;9.836452158;9.836452158;-1.5;1.5
1.651;0.002;8.336255431;11.33625543;9.836255431;9.836255431;-1.5;1.5
1.653;0.002;8.336058708;11.33605871;9.836058708;9.836058708;-1.5;1.5
1.655;0.002;8.335861989;11.33586199;9.835861989;9.835861989;-1.5;1.5
1.657;0.002;8.335665273;11.33566527;9.835665273;9.835665273;-1.5;1.5
1.659;0.002;8.335468562;11.33546856;9.835468562;9.835468562;-1.5;1.5
1.661;0.002;8.335271855;11.33527185;9.835271854;9.835271854;-1.5;1.5
1.663;0.002;8.335075151;11.33507515;9.835075151;9.835075151;-1.5;1.5
1.665;0.002;8.334878452;11.33487845;9.834878451;9.834878451;-1.5;1.5
1.667;0.002;8.334681756;11.33468176;9.834681756;9.834681756;-1.5;1.5
1.669;0.002;8.334485064;11.33448506;9.834485064;9.834485064;-1.5;1.5
1.671;0.002;8.334288376;11.33428838;9.834288376;9.834288376;-1.5;1.5
1.673;0.002;8.334091693;11.33409169;9.834091693;9.834091693;-1.5;1.5
1.675;0.002;8.333895013;11.33389501;9.833895013;9.833895013;-1.5;1.5
1.677;0.002;8.333698337;11.33369834;9.833698337;9.833698337;-1.5;1.5
1.679;0.002;8.333501665;11.33350166;9.833501665;9.833501665;-1.5;1.5
1.681;0.002;8.333304997;11.333305;9.833304997;9.833304997;-1.5;1.5
1.683;0.002;8.333108333;11.33310833;9.833108333;9.833108333;-1.5;1.5
1.685;0.002;8.332911672;11.33291167;9.832911672;9.832911672;-1.5;1.5
1.687;0.002;8.332715016;11.33271502;9.832715016;9.832715016;-1.5;1.5
1.689;0.002;8.332518364;11.33251836;9.832518364;9.832518364;-1.5;1.5
1.691;0.002;8.332321715;11.33232172;9.832321715;9.832321715;-1.5;1.5
1.693;0.002;8.332125071;11.33212507;9.832125071;9.832125071;-1.5;1.5
1.695;0.002;8.33192843;11.33192843;9.83192843;9.83192843;-1.5;1.5
1.697;0.002;8.331731794;11.33173179;9.831731794;9.831731794;-1.5;1.5
1.699;0.002;8.331535161;11.33153516;9.831535161;9.831535161;-1.5;1.5
1.701;0.002;8.331338532;11.33133853;9.831338532;9.831338532;-1.5;1.5
1.703;0.002;8.331141908;11.33114191;9.831141908;9.831141908;-1.5;1.5
1.705;0.002;8.330945287;11.33094529;9.830945287;9.830945287;-1.5;1.5
1.707;0.002;8.33074867;11.33074867;9.83074867;9.83074867;-1.5;1.5
1.709;0.002;8.330552057;11.33055206;9.830552057;9.830552057;-1.5;1.5
1.711;0.002;8.330355448;11.33035545;9.830355448;9.830355448;-1.5;1.5
1.713;0.002;8.330158843;11.33015884;9.830158843;9.830158843;-1.5;1.5
1.715;0.002;8.329962241;11.32996224;9.829962241;9.829962241;-1.5;1.5
1.717;0.002;8.329765644;11.32976564;9.829765644;9.829765644;-1.5;1.5
1.719;0.002;8.329569051;11.32956905;9.829569051;9.829569051;-1.5;1.5
1.721;0.002;8.329372461;11.32937246;9.829372461;9.829372461;-1.5;1.5
1.723;0.002;8.329175876;11.32917588;9.829175876;9.829175876;-1.5;1.5
1.725;0.002;8.328979294;11.32897929;9.828979294;9.828979294;-1.5;1.5
1.727;0.002;8.328782717;11.32878272;9.828782717;9.828782717;-1.5;1.5
1.729;0.002;8.328586143;11.32858614;9.828586143;9.828586143;-1.5;1.5
1.731;0.002;8.328389573;11.32838957;9.828389573;9.828389573;-1.5;1.5
1.733;0.002;8.328193007;11.32819301;9.828193007;9.828193007;-1.5;1.5
1.735;0.002;8.327996446;11.32799645;9.827996446;9.827996446;-1.5;1.5
1.737;0.002;8.327799888;11.32779989;9.827799888;9.827799888;-1.5;1.5
1.739;0.002;8.327603334;11.32760333;9.827603334;9.827603334;-1.5;1.5
1.741;0.002;8.327406783;11.32740678;9.827406783;9.827406783;-1.5;1.5
1.743;0.002;8.327210237;11.32721024;9.827210237;9.827210237;-1.5;1.5
1.745;0.002;8.327013695;11.3270137;9.827013695;9.827013695;-1.5;1.5
1.747;0.002;8.326817157;11.32681716;9.826817157;9.826817157;-1.5;1.5
1.749;0.002;8.326620622;11.32662062;9.826620622;9.826620622;-1.5;1.5
1.751;0.002;8.326424092;11.32642409;9.826424092;9.826424092;-1.5;1.5
1.753;0.002;8.326227565;11.32622757;9.826227565;9.826227565;-1.5;1.5
1.755;0.002;8.326031043;11.32603104;9.826031043;9.826031043;-1.5;1.5
1.757;0.002;8.325834524;11.32583452;9.825834524;9.825834524;-1.5;1.5
1.759;0.002;8.325638009;11.32563801;9.825638009;9.825638009;-1.5;1.5
1.761;0.002;8.325441499;11.3254415;9.825441499;9.825441499;-1.5;1.5
1.763;0.002;8.325244992;11.32524499;9.825244992;9.825244992;-1.5;1.5
1.765;0.002;8.325048489;11.32504849;9.825048489;9.825048489;-1.5;1.5
1.767;0.002;8.32485199;11.32485199;9.82485199;9.82485199;-1.5;1.5
1.769;0.002;8.324655495;11.32465549;9.824655495;9.824655495;-1.5;1.5
1.771;0.002;8.324459004;11.324459;9.824459004;9.824459004;-1.5;1.5
1.773;0.002;8.324262516;11.32426252;9.824262516;9.824262516;-1.5;1.5
1.775;0.002;8.324066033;11.32406603;9.824066033;9.824066033;-1.5;1.5
1.777;0.002;8.323869554;11.32386955;9.823869554;9.823869554;-1.5;1.5
1.779;0.002;8.323673078;11.32367308;9.823673078;9.823673078;-1.5;1.5
1.781;0.002;8.323476607;11.32347661;9.823476607;9.823476607;-1.5;1.5
1.783;0.002;8.323280139;11.32328014;9.823280139;9.823280139;-1.5;1.5
1.785;0.002;8.323083676;11.32308368;9.823083676;9.823083676;-1.5;1.5
1.787;0.002;8.322887216;11.32288722;9.822887216;9.822887216;-1.5;1.5
1.789;0.002;8.32269076;11.32269076;9.82269076;9.82269076;-1.5;1.5
1.791;0.002;8.322494308;11.32249431;9.822494308;9.822494308;-1.5;1.5
1.793;0.002;8.32229786;11.32229786;9.82229786;9.82229786;-1.5;1.5
1.795;0.002;8.322101416;11.32210142;9.822101416;9.822101416;-1.5;1.5
1.797;0.002;8.321904976;11.32190498;9.821904976;9.821904976;-1.5;1.5
1.799;0.002;8.32170854;11.32170854;9.82170854;9.82170854;-1.5;1.5
1.801;0.002;8.321512108;11.32151211;9.821512108;9.821512108;-1.5;1.5
1.803;0.002;8.32131568;11.32131568;9.82131568;9.82131568;-1.5;1.5
1.805;0.002;8.321119255;11.32111926;9.821119255;9.821119255;-1.5;1.5
1.807;0.002;8.320922835;11.32092283;9.820922835;9.820922835;-1.5;1.5
1.809;0.002;8.320726418;11.32072642;9.820726418;9.820726418;-1.5;1.5
1.811;0.002;8.320530006;11.32053001;9.820530006;9.820530006;-1.5;1.5
1.813;0.002;8.320333597;11.3203336;9.820333597;9.820333597;-1.5;1.5
1.815;0.002;8.320137193;11.32013719;9.820137193;9.820137193;-1.5;1.5
1.817;0.002;8.319940792;11.31994079;9.819940792;9.819940792;-1.5;1.5
1.819;0.002;8.319744395;11.31974439;9.819744395;9.819744395;-1.5;1.5
1.821;0.002;8.319548002;11.319548;9.819548002;9.819548002;-1.5;1.5
1.823;0.002;8.319351613;11.31935161;9.819351613;9.819351613;-1.5;1.5
1.825;0.002;8.319155228;11.31915523;9.819155228;9.819155228;-1.5;1.5
1.827;0.002;8.318958847;11.31895885;9.818958847;9.818958847;-1.5;1.5
1.829;0.002;8.31876247;11.31876247;9.81876247;9.81876247;-1.5;1.5
1.831;0.002;8.318566096;11.3185661;9.818566096;9.818566096;-1.5;1.5
1.833;0.002;8.318369727;11.31836973;9.818369727;9.818369727;-1.5;1.5
1.835;0.002;8.318173361;11.31817336;9.818173361;9.818173361;-1.5;1.5
1.837;0.002;8.317977;11.317977;9.817977;9.817977;-1.5;1.5
1.839;0.002;8.317780642;11.31778064;9.817780642;9.817780642;-1.5;1.5
1.841;0.002;8.317584289;11.31758429;9.817584289;9.817584289;-1.5;1.5
1.843;0.002;8.317387939;11.31738794;9.817387939;9.817387939;-1.5;1.5
1.845;0.002;8.317191593;11.31719159;9.817191593;9.817191593;-1.5;1.5
1.847;0.002;8.316995251;11.31699525;9.816995251;9.816995251;-1.5;1.5
1.849;0.002;8.316798913;11.31679891;9.816798913;9.816798913;-1.5;1.5
1.851;0.002;8.316602579;11.31660258;9.816602579;9.816602579;-1.5;1.5
1.853;0.002;8.316406249;11.31640625;9.816406249;9.816406249;-1.5;1.5
1.855;0.002;8.316209923;11.31620992;9.816209923;9.816209923;-1.5;1.5
1.857;0.002;8.316013601;11.3160136;9.816013601;9.816013601;-1.5;1.5
1.859;0.002;8.315817283;11.31581728;9.815817283;9.815817283;-1.5;1.5
1.861;0.002;8.315620968;11.31562097;9.815620968;9.815620968;-1.5;1.5
1.863;0.002;8.315424658;11.31542466;9.815424658;9.815424658;-1.5;1.5
1.865;0.002;8.315228351;11.31522835;9.815228351;9.815228351;-1.5;1.5
1.867;0.002;8.315032049;11.31503205;9.815032049;9.815032049;-1.5;1.5
1.869;0.002;8.31483575;11.31483575;9.81483575;9.81483575;-1.5;1.5
1.871;0.002;8.314639455;11.31463946;9.814639455;9.814639455;-1.5;1.5
1.873;0.002;8.314443164;11.31444316;9.814443164;9.814443164;-1.5;1.5
1.875;0.002;8.314246877;11.31424688;9.814246877;9.814246877;-1.5;1.5
1.877;0.002;8.314050595;11.31405059;9.814050595;9.814050595;-1.5;1.5
1.879;0.002;8.313854315;11.31385432;9.813854315;9.813854315;-1.5;1.5
1.881;0.002;8.31365804;11.31365804;9.81365804;9.81365804;-1.5;1.5
1.883;0.002;8.313461769;11.31346177;9.813461769;9.813461769;-1.5;1.5
1.885;0.002;8.313265502;11.3132655;9.813265502;9.813265502;-1.5;1.5
1.887;0.002;8.313069239;11.31306924;9.813069239;9.813069239;-1.5;1.5
1.889;0.002;8.312872979;11.31287298;9.812872979;9.812872979;-1.5;1.5
1.891;0.002;8.312676724;11.31267672;9.812676724;9.812676724;-1.5;1.5
1.893;0.002;8.312480472;11.31248047;9.812480472;9.812480472;-1.5;1.5
1.895;0.002;8.312284224;11.31228422;9.812284224;9.812284224;-1.5;1.5
1.897;0.002;8.312087981;11.31208798;9.812087981;9.812087981;-1.5;1.5
1.899;0.002;8.311891741;11.31189174;9.811891741;9.811891741;-1.5;1.5
1.901;0.002;8.311695505;11.3116955;9.811695505;9.811695505;-1.5;1.5
1.903;0.002;8.311499273;11.31149927;9.811499273;9.811499273;-1.5;1.5
1.905;0.002;8.311303045;11.31130305;9.811303045;9.811303045;-1.5;1.5
1.907;0.002;8.311106821;11.31110682;9.811106821;9.811106821;-1.5;1.5
1.909;0.002;8.310910601;11.3109106;9.810910601;9.810910601;-1.5;1.5
1.911;0.002;8.310714385;11.31071438;9.810714384;9.810714384;-1.5;1.5
1.913;0.002;8.310518172;11.31051817;9.810518172;9.810518172;-1.5;1.5
1.915;0.002;8.310321964;11.31032196;9.810321964;9.810321964;-1.5;1.5
1.917;0.002;8.310125759;11.31012576;9.810125759;9.810125759;-1.5;1.5
1.919;0.002;8.309929559;11.30992956;9.809929559;9.809929559;-1.5;1.5
1.921;0.002;8.309733362;11.30973336;9.809733362;9.809733362;-1.5;1.5
1.923;0.002;8.309537169;11.30953717;9.809537169;9.809537169;-1.5;1.5
1.925;0.002;8.309340981;11.30934098;9.809340981;9.809340981;-1.5;1.5
1.927;0.002;8.309144796;11.3091448;9.809144796;9.809144796;-1.5;1.5
1.929;0.002;8.308948615;11.30894861;9.808948615;9.808948615;-1.5;1.5
1.931;0.002;8.308752438;11.30875244;9.808752438;9.808752438;-1.5;1.5
1.933;0.002;8.308556265;11.30855626;9.808556265;9.808556265;-1.5;1.5
1.935;0.002;8.308360096;11.3083601;9.808360096;9.808360096;-1.5;1.5
1.937;0.002;8.30816393;11.30816393;9.80816393;9.80816393;-1.5;1.5
1.939;0.002;8.307967769;11.30796777;9.807967769;9.807967769;-1.5;1.5
1.941;0.002;8.307771612;11.30777161;9.807771612;9.807771612;-1.5;1.5
1.943;0.002;8.307575458;11.30757546;9.807575458;9.807575458;-1.5;1.5
1.945;0.002;8.307379309;11.30737931;9.807379309;9.807379309;-1.5;1.5
1.947;0.002;8.307183163;11.30718316;9.807183163;9.807183163;-1.5;1.5
1.949;0.002;8.306987021;11.30698702;9.806987021;9.806987021;-1.5;1.5
1.951;0.002;8.306790884;11.30679088;9.806790883;9.806790883;-1.5;1.5
1.953;0.002;8.30659475;11.30659475;9.80659475;9.80659475;-1.5;1.5
1.955;0.002;8.30639862;11.30639862;9.80639862;9.80639862;-1.5;1.5
1.957;0.002;8.306202494;11.30620249;9.806202494;9.806202494;-1.5;1.5
1.959;0.002;8.306006372;11.30600637;9.806006372;9.806006372;-1.5;1.5
1.961;0.002;8.305810253;11.30581025;9.805810253;9.805810253;-1.5;1.5
1.963;0.002;8.305614139;11.30561414;9.805614139;9.805614139;-1.5;1.5
1.965;0.002;8.305418029;11.30541803;9.805418029;9.805418029;-1.5;1.5
1.967;0.002;8.305221922;11.30522192;9.805221922;9.805221922;-1.5;1.5
1.969;0.002;8.30502582;11.30502582;9.80502582;9.80502582;-1.5;1.5
1.971;0.002;8.304829721;11.30482972;9.804829721;9.804829721;-1.5;1.5
1.973;0.002;8.304633627;11.30463363;9.804633627;9.804633627;-1.5;1.5
1.975;0.002;8.304437536;11.30443754;9.804437536;9.804437536;-1.5;1.5
1.977;0.002;8.304241449;11.30424145;9.804241449;9.804241449;-1.5;1.5
1.979;0.002;8.304045366;11.30404537;9.804045366;9.804045366;-1.5;1.5
1.981;0.002;8.303849287;11.30384929;9.803849287;9.803849287;-1.5;1.5
1.983;0.002;8.303653212;11.30365321;9.803653212;9.803653212;-1.5;1.5
1.985;0.002;8.303457141;11.30345714;9.803457141;9.803457141;-1.5;1.5
1.987;0.002;8.303261074;11.30326107;9.803261074;9.803261074;-1.5;1.5
1.989;0.002;8.303065011;11.30306501;9.803065011;9.803065011;-1.5;1.5
1.991;0.002;8.302868952;11.30286895;9.802868952;9.802868952;-1.5;1.5
1.993;0.002;8.302672896;11.3026729;9.802672896;9.802672896;-1.5;1.5
1.995;0.002;8.302476845;11.30247684;9.802476845;9.802476845;-1.5;1.5
1.997;0.002;8.302280797;11.3022808;9.802280797;9.802280797;-1.5;1.5
1.999;0.002;8.302084753;11.30208475;9.802084753;9.802084753;-1.5;1.5
