 N = 1000; h = 0.009
x;h;v1;v2;u1;u2;v1 - u1;v2 - u2;
0;0.009;7;13;7;13;0;0
0.009;0.009;-87.50089996;107.4991;9.998729811;9.99947027;-97.49962977;97.49962977
0.018;0.009;-3158.7518;3178.7482;9.998200116;9.998200208;-3168.75;3168.75
0.027;0.009;-102974.3777;102994.3723;9.997300364;9.997300364;-102984.375;102984.375
0.036;0.009;-3346982.191;3347002.184;9.996400648;9.996400648;-3346992.187;3346992.187
0.045;0.009;-108777236.1;108777256.1;9.995501012;9.995501012;-108777246.1;108777246.1
0.054;0.009;-3535260488;3535260508;9.994601458;9.994601458;-3535260498;3535260498
0.063;0.009;-1.148959662e+11;1.148959662e+11;9.993701984;9.993701984;-1.148959662e+11;1.148959662e+11
0.072;0.009;-3.734118901e+12;3.734118901e+12;9.992802591;9.992802591;-3.734118901e+12;3.734118901e+12
0.081;0.009;-1.213588643e+14;1.213588643e+14;9.99190328;9.99190328;-1.213588643e+14;1.213588643e+14
0.09;0.009;-3.944163089e+15;3.944163089e+15;9.991004049;9.991004049;-3.944163089e+15;3.944163089e+15
0.099;0.009;-1.281853004e+17;1.281853004e+17;9.990104899;9.990104899;-1.281853004e+17;1.281853004e+17
0.108;0.009;-4.166022263e+18;4.166022263e+18;9.98920583;9.98920583;-4.166022263e+18;4.166022263e+18
0.117;0.009;-1.353957235e+20;1.353957235e+20;9.988306842;9.988306842;-1.353957235e+20;1.353957235e+20
0.126;0.009;-4.400361015e+21;4.400361015e+21;9.987407935;9.987407935;-4.400361015e+21;4.400361015e+21
0.135;0.009;-1.43011733e+23;1.43011733e+23;9.986509108;9.986509108;-1.43011733e+23;1.43011733e+23
0.144;0.009;-4.647881322e+24;4.647881322e+24;9.985610363;9.985610363;-4.647881322e+24;4.647881322e+24
0.153;0.009;-1.51056143e+26;1.51056143e+26;9.984711699;9.984711699;-1.51056143e+26;1.51056143e+26
0.162;0.009;-4.909324647e+27;4.909324647e+27;9.983813115;9.983813115;-4.909324647e+27;4.909324647e+27
0.171;0.009;-1.59553051e+29;1.59553051e+29;9.982914612;9.982914612;-1.59553051e+29;1.59553051e+29
0.18;0.009;-5.185474158e+30;5.185474158e+30;9.98201619;9.98201619;-5.185474158e+30;5.185474158e+30
0.189;0.009;-1.685279101e+32;1.685279101e+32;9.981117849;9.981117849;-1.685279101e+32;1.685279101e+32
0.198;0.009;-5.47715708e+33;5.47715708e+33;9.980219589;9.980219589;-5.47715708e+33;5.47715708e+33
0.207;0.009;-1.780076051e+35;1.780076051e+35;9.97932141;9.97932141;-1.780076051e+35;1.780076051e+35
0.216;0.009;-5.785247165e+36;5.785247165e+36;9.978423311;9.978423311;-5.785247165e+36;5.785247165e+36
0.225;0.009;-1.880205329e+38;1.880205329e+38;9.977525294;9.977525294;-1.880205329e+38;1.880205329e+38
0.234;0.009;-6.110667318e+39;6.110667318e+39;9.976627357;9.976627357;-6.110667318e+39;6.110667318e+39
0.243;0.009;-1.985966878e+41;1.985966878e+41;9.975729501;9.975729501;-1.985966878e+41;1.985966878e+41
0.252;0.009;-6.454392355e+42;6.454392355e+42;9.974831725;9.974831725;-6.454392355e+42;6.454392355e+42
0.261;0.009;-2.097677515e+44;2.097677515e+44;9.973934031;9.973934031;-2.097677515e+44;2.097677515e+44
0.27;0.009;-6.817451925e+45;6.817451925e+45;9.973036417;9.973036417;-6.817451925e+45;6.817451925e+45
0.279;0.009;-2.215671876e+47;2.215671876e+47;9.972138884;9.972138884;-2.215671876e+47;2.215671876e+47
0.288;0.009;-7.200933596e+48;7.200933596e+48;9.971241432;9.971241432;-7.200933596e+48;7.200933596e+48
0.297;0.009;-2.340303419e+50;2.340303419e+50;9.970344061;9.970344061;-2.340303419e+50;2.340303419e+50
0.306;0.009;-7.605986111e+51;7.605986111e+51;9.96944677;9.96944677;-7.605986111e+51;7.605986111e+51
0.315;0.009;-2.471945486e+53;2.471945486e+53;9.96854956;9.96854956;-2.471945486e+53;2.471945486e+53
0.324;0.009;-8.033822829e+54;8.033822829e+54;9.967652431;9.967652431;-8.033822829e+54;8.033822829e+54
0.333;0.009;-2.61099242e+56;2.61099242e+56;9.966755383;9.966755383;-2.61099242e+56;2.61099242e+56
0.342;0.009;-8.485725363e+57;8.485725363e+57;9.965858415;9.965858415;-8.485725363e+57;8.485725363e+57
0.351;0.009;-2.757860743e+59;2.757860743e+59;9.964961528;9.964961528;-2.757860743e+59;2.757860743e+59
0.36;0.009;-8.963047415e+60;8.963047415e+60;9.964064722;9.964064722;-8.963047415e+60;8.963047415e+60
0.369;0.009;-2.91299041e+62;2.91299041e+62;9.963167997;9.963167997;-2.91299041e+62;2.91299041e+62
0.378;0.009;-9.467218832e+63;9.467218832e+63;9.962271352;9.962271352;-9.467218832e+63;9.467218832e+63
0.387;0.009;-3.07684612e+65;3.07684612e+65;9.961374788;9.961374788;-3.07684612e+65;3.07684612e+65
0.396;0.009;-9.999749892e+66;9.999749892e+66;9.960478305;9.960478305;-9.999749892e+66;9.999749892e+66
0.405;0.009;-3.249918715e+68;3.249918715e+68;9.959581902;9.959581902;-3.249918715e+68;3.249918715e+68
0.414;0.009;-1.056223582e+70;1.056223582e+70;9.95868558;9.95868558;-1.056223582e+70;1.056223582e+70
0.423;0.009;-3.432726642e+71;3.432726642e+71;9.957789338;9.957789338;-3.432726642e+71;3.432726642e+71
0.432;0.009;-1.115636159e+73;1.115636159e+73;9.956893178;9.956893178;-1.115636159e+73;1.115636159e+73
0.441;0.009;-3.625817516e+74;3.625817516e+74;9.955997098;9.955997098;-3.625817516e+74;3.625817516e+74
0.45;0.009;-1.178390693e+76;1.178390693e+76;9.955101098;9.955101098;-1.178390693e+76;1.178390693e+76
0.459;0.009;-3.829769751e+77;3.829769751e+77;9.95420518;9.95420518;-3.829769751e+77;3.829769751e+77
0.468;0.009;-1.244675169e+79;1.244675169e+79;9.953309341;9.953309341;-1.244675169e+79;1.244675169e+79
0.477;0.009;-4.0451943e+80;4.0451943e+80;9.952413584;9.952413584;-4.0451943e+80;4.0451943e+80
0.486;0.009;-1.314688147e+82;1.314688147e+82;9.951517907;9.951517907;-1.314688147e+82;1.314688147e+82
0.495;0.009;-4.272736479e+83;4.272736479e+83;9.950622311;9.950622311;-4.272736479e+83;4.272736479e+83
0.504;0.009;-1.388639356e+85;1.388639356e+85;9.949726795;9.949726795;-1.388639356e+85;1.388639356e+85
0.513;0.009;-4.513077906e+86;4.513077906e+86;9.94883136;9.94883136;-4.513077906e+86;4.513077906e+86
0.522;0.009;-1.46675032e+88;1.46675032e+88;9.947936005;9.947936005;-1.46675032e+88;1.46675032e+88
0.531;0.009;-4.766938538e+89;4.766938538e+89;9.947040731;9.947040731;-4.766938538e+89;4.766938538e+89
0.54;0.009;-1.549255025e+91;1.549255025e+91;9.946145538;9.946145538;-1.549255025e+91;1.549255025e+91
0.549;0.009;-5.035078831e+92;5.035078831e+92;9.945250425;9.945250425;-5.035078831e+92;5.035078831e+92
0.558;0.009;-1.63640062e+94;1.63640062e+94;9.944355393;9.944355393;-1.63640062e+94;1.63640062e+94
0.567;0.009;-5.318302015e+95;5.318302015e+95;9.943460441;9.943460441;-5.318302015e+95;5.318302015e+95
0.576;0.009;-1.728448155e+97;1.728448155e+97;9.94256557;9.94256557;-1.728448155e+97;1.728448155e+97
0.585;0.009;-5.617456504e+98;5.617456504e+98;9.941670779;9.941670779;-5.617456504e+98;5.617456504e+98
0.594;0.009;-1.825673364e+100;1.825673364e+100;9.940776069;9.940776069;-1.825673364e+100;1.825673364e+100
0.603;0.009;-5.933438432e+101;5.933438432e+101;9.93988144;9.93988144;-5.933438432e+101;5.933438432e+101
0.612;0.009;-1.92836749e+103;1.92836749e+103;9.938986891;9.938986891;-1.92836749e+103;1.92836749e+103
0.621;0.009;-6.267194344e+104;6.267194344e+104;9.938092422;9.938092422;-6.267194344e+104;6.267194344e+104
0.63;0.009;-2.036838162e+106;2.036838162e+106;9.937198034;9.937198034;-2.036838162e+106;2.036838162e+106
0.639;0.009;-6.619724026e+107;6.619724026e+107;9.936303726;9.936303726;-6.619724026e+107;6.619724026e+107
0.648;0.009;-2.151410308e+109;2.151410308e+109;9.935409499;9.935409499;-2.151410308e+109;2.151410308e+109
0.657;0.009;-6.992083502e+110;6.992083502e+110;9.934515353;9.934515353;-6.992083502e+110;6.992083502e+110
0.666;0.009;-2.272427138e+112;2.272427138e+112;9.933621286;9.933621286;-2.272427138e+112;2.272427138e+112
0.675;0.009;-7.385388199e+113;7.385388199e+113;9.932727301;9.932727301;-7.385388199e+113;7.385388199e+113
0.684;0.009;-2.400251165e+115;2.400251165e+115;9.931833396;9.931833396;-2.400251165e+115;2.400251165e+115
0.693;0.009;-7.800816285e+116;7.800816285e+116;9.930939571;9.930939571;-7.800816285e+116;7.800816285e+116
0.702;0.009;-2.535265293e+118;2.535265293e+118;9.930045826;9.930045826;-2.535265293e+118;2.535265293e+118
0.711;0.009;-8.239612202e+119;8.239612202e+119;9.929152163;9.929152163;-8.239612202e+119;8.239612202e+119
0.72;0.009;-2.677873966e+121;2.677873966e+121;9.928258579;9.928258579;-2.677873966e+121;2.677873966e+121
0.729;0.009;-8.703090388e+122;8.703090388e+122;9.927365076;9.927365076;-8.703090388e+122;8.703090388e+122
0.738;0.009;-2.828504376e+124;2.828504376e+124;9.926471653;9.926471653;-2.828504376e+124;2.828504376e+124
0.747;0.009;-9.192639222e+125;9.192639222e+125;9.925578311;9.925578311;-9.192639222e+125;9.192639222e+125
0.756;0.009;-2.987607747e+127;2.987607747e+127;9.924685049;9.924685049;-2.987607747e+127;2.987607747e+127
0.765;0.009;-9.709725178e+128;9.709725178e+128;9.923791868;9.923791868;-9.709725178e+128;9.709725178e+128
0.774;0.009;-3.155660683e+130;3.155660683e+130;9.922898767;9.922898767;-3.155660683e+130;3.155660683e+130
0.783;0.009;-1.025589722e+132;1.025589722e+132;9.922005746;9.922005746;-1.025589722e+132;1.025589722e+132
0.792;0.009;-3.333166596e+133;3.333166596e+133;9.921112806;9.921112806;-3.333166596e+133;3.333166596e+133
0.801;0.009;-1.083279144e+135;1.083279144e+135;9.920219946;9.920219946;-1.083279144e+135;1.083279144e+135
0.81;0.009;-3.520657217e+136;3.520657217e+136;9.919327166;9.919327166;-3.520657217e+136;3.520657217e+136
0.819;0.009;-1.144213596e+138;1.144213596e+138;9.918434467;9.918434467;-1.144213596e+138;1.144213596e+138
0.828;0.009;-3.718694186e+139;3.718694186e+139;9.917541848;9.917541848;-3.718694186e+139;3.718694186e+139
0.837;0.009;-1.20857561e+141;1.20857561e+141;9.916649309;9.916649309;-1.20857561e+141;1.20857561e+141
0.846;0.009;-3.927870734e+142;3.927870734e+142;9.915756851;9.915756851;-3.927870734e+142;3.927870734e+142
0.855;0.009;-1.276557989e+144;1.276557989e+144;9.914864473;9.914864473;-1.276557989e+144;1.276557989e+144
0.864;0.009;-4.148813463e+145;4.148813463e+145;9.913972175;9.913972175;-4.148813463e+145;4.148813463e+145
0.873;0.009;-1.348364375e+147;1.348364375e+147;9.913079958;9.913079958;-1.348364375e+147;1.348364375e+147
0.882;0.009;-4.38218422e+148;4.38218422e+148;9.912187821;9.912187821;-4.38218422e+148;4.38218422e+148
0.891;0.009;-1.424209871e+150;1.424209871e+150;9.911295764;9.911295764;-1.424209871e+150;1.424209871e+150
0.9;0.009;-4.628682082e+151;4.628682082e+151;9.910403788;9.910403788;-4.628682082e+151;4.628682082e+151
0.909;0.009;-1.504321677e+153;1.504321677e+153;9.909511892;9.909511892;-1.504321677e+153;1.504321677e+153
0.918;0.009;-4.889045449e+154;4.889045449e+154;9.908620076;9.908620076;-4.889045449e+154;4.889045449e+154
0.927;0.009;-1.588939771e+156;1.588939771e+156;9.90772834;9.90772834;-1.588939771e+156;1.588939771e+156
0.936;0.009;-5.164054256e+157;5.164054256e+157;9.906836684;9.906836684;-5.164054256e+157;5.164054256e+157
0.945;0.009;-1.678317633e+159;1.678317633e+159;9.905945109;9.905945109;-1.678317633e+159;1.678317633e+159
0.954;0.009;-5.454532308e+160;5.454532308e+160;9.905053614;9.905053614;-5.454532308e+160;5.454532308e+160
0.963;0.009;-1.772723e+162;1.772723e+162;9.9041622;9.9041622;-1.772723e+162;1.772723e+162
0.972;0.009;-5.76134975e+163;5.76134975e+163;9.903270865;9.903270865;-5.76134975e+163;5.76134975e+163
0.981;0.009;-1.872438669e+165;1.872438669e+165;9.902379611;9.902379611;-1.872438669e+165;1.872438669e+165
0.99;0.009;-6.085425674e+166;6.085425674e+166;9.901488437;9.901488437;-6.085425674e+166;6.085425674e+166
0.999;0.009;-1.977763344e+168;1.977763344e+168;9.900597343;9.900597343;-1.977763344e+168;1.977763344e+168
1.008;0.009;-6.427730868e+169;6.427730868e+169;9.899706329;9.899706329;-6.427730868e+169;6.427730868e+169
1.017;0.009;-2.089012532e+171;2.089012532e+171;9.898815396;9.898815396;-2.089012532e+171;2.089012532e+171
1.026;0.009;-6.789290729e+172;6.789290729e+172;9.897924543;9.897924543;-6.789290729e+172;6.789290729e+172
1.035;0.009;-2.206519487e+174;2.206519487e+174;9.897033769;9.897033769;-2.206519487e+174;2.206519487e+174
1.044;0.009;-7.171188333e+175;7.171188333e+175;9.896143076;9.896143076;-7.171188333e+175;7.171188333e+175
1.053;0.009;-2.330636208e+177;2.330636208e+177;9.895252464;9.895252464;-2.330636208e+177;2.330636208e+177
1.062;0.009;-7.574567676e+178;7.574567676e+178;9.894361931;9.894361931;-7.574567676e+178;7.574567676e+178
1.071;0.009;-2.461734495e+180;2.461734495e+180;9.893471479;9.893471479;-2.461734495e+180;2.461734495e+180
1.08;0.009;-8.000637108e+181;8.000637108e+181;9.892581106;9.892581106;-8.000637108e+181;8.000637108e+181
1.089;0.009;-2.60020706e+183;2.60020706e+183;9.891690814;9.891690814;-2.60020706e+183;2.60020706e+183
1.098;0.009;-8.450672945e+184;8.450672945e+184;9.890800602;9.890800602;-8.450672945e+184;8.450672945e+184
1.107;0.009;-2.746468707e+186;2.746468707e+186;9.88991047;9.88991047;-2.746468707e+186;2.746468707e+186
1.116;0.009;-8.926023299e+187;8.926023299e+187;9.889020418;9.889020418;-8.926023299e+187;8.926023299e+187
1.125;0.009;-2.900957572e+189;2.900957572e+189;9.888130446;9.888130446;-2.900957572e+189;2.900957572e+189
1.134;0.009;-9.428112109e+190;9.428112109e+190;9.887240554;9.887240554;-9.428112109e+190;9.428112109e+190
1.143;0.009;-3.064136435e+192;3.064136435e+192;9.886350743;9.886350743;-3.064136435e+192;3.064136435e+192
1.152;0.009;-9.958443415e+193;9.958443415e+193;9.885461011;9.885461011;-9.958443415e+193;9.958443415e+193
1.161;0.009;-3.23649411e+195;3.23649411e+195;9.88457136;9.88457136;-3.23649411e+195;3.23649411e+195
1.17;0.009;-1.051860586e+197;1.051860586e+197;9.883681788;9.883681788;-1.051860586e+197;1.051860586e+197
1.179;0.009;-3.418546904e+198;3.418546904e+198;9.882792297;9.882792297;-3.418546904e+198;3.418546904e+198
1.188;0.009;-1.111027744e+200;1.111027744e+200;9.881902886;9.881902886;-1.111027744e+200;1.111027744e+200
1.197;0.009;-3.610840167e+201;3.610840167e+201;9.881013555;9.881013555;-3.610840167e+201;3.610840167e+201
1.206;0.009;-1.173523054e+203;1.173523054e+203;9.880124303;9.880124303;-1.173523054e+203;1.173523054e+203
1.215;0.009;-3.813949926e+204;3.813949926e+204;9.879235132;9.879235132;-3.813949926e+204;3.813949926e+204
1.224;0.009;-1.239533726e+206;1.239533726e+206;9.878346041;9.878346041;-1.239533726e+206;1.239533726e+206
1.233;0.009;-4.02848461e+207;4.02848461e+207;9.87745703;9.87745703;-4.02848461e+207;4.02848461e+207
1.242;0.009;-1.309257498e+209;1.309257498e+209;9.876568099;9.876568099;-1.309257498e+209;1.309257498e+209
1.251;0.009;-4.255086869e+210;4.255086869e+210;9.875679248;9.875679248;-4.255086869e+210;4.255086869e+210
1.26;0.009;-1.382903232e+212;1.382903232e+212;9.874790477;9.874790477;-1.382903232e+212;1.382903232e+212
1.269;0.009;-4.494435505e+213;4.494435505e+213;9.873901785;9.873901785;-4.494435505e+213;4.494435505e+213
1.278;0.009;-1.460691539e+215;1.460691539e+215;9.873013174;9.873013174;-1.460691539e+215;1.460691539e+215
1.287;0.009;-4.747247503e+216;4.747247503e+216;9.872124643;9.872124643;-4.747247503e+216;4.747247503e+216
1.296;0.009;-1.542855438e+218;1.542855438e+218;9.871236192;9.871236192;-1.542855438e+218;1.542855438e+218
1.305;0.009;-5.014280175e+219;5.014280175e+219;9.87034782;9.87034782;-5.014280175e+219;5.014280175e+219
1.314;0.009;-1.629641057e+221;1.629641057e+221;9.869459529;9.869459529;-1.629641057e+221;1.629641057e+221
1.323;0.009;-5.296333434e+222;5.296333434e+222;9.868571318;9.868571318;-5.296333434e+222;5.296333434e+222
1.332;0.009;-1.721308366e+224;1.721308366e+224;9.867683186;9.867683186;-1.721308366e+224;1.721308366e+224
1.341;0.009;-5.59425219e+225;5.59425219e+225;9.866795135;9.866795135;-5.59425219e+225;5.59425219e+225
1.35;0.009;-1.818131962e+227;1.818131962e+227;9.865907163;9.865907163;-1.818131962e+227;1.818131962e+227
1.359;0.009;-5.908928876e+228;5.908928876e+228;9.865019271;9.865019271;-5.908928876e+228;5.908928876e+228
1.368;0.009;-1.920401885e+230;1.920401885e+230;9.86413146;9.86413146;-1.920401885e+230;1.920401885e+230
1.377;0.009;-6.241306125e+231;6.241306125e+231;9.863243728;9.863243728;-6.241306125e+231;6.241306125e+231
1.386;0.009;-2.028424491e+233;2.028424491e+233;9.862356076;9.862356076;-2.028424491e+233;2.028424491e+233
1.395;0.009;-6.592379595e+234;6.592379595e+234;9.861468504;9.861468504;-6.592379595e+234;6.592379595e+234
1.404;0.009;-2.142523368e+236;2.142523368e+236;9.860581011;9.860581011;-2.142523368e+236;2.142523368e+236
1.413;0.009;-6.963200947e+237;6.963200947e+237;9.859693599;9.859693599;-6.963200947e+237;6.963200947e+237
1.422;0.009;-2.263040308e+239;2.263040308e+239;9.858806267;9.858806267;-2.263040308e+239;2.263040308e+239
1.431;0.009;-7.354881e+240;7.354881e+240;9.857919014;9.857919014;-7.354881e+240;7.354881e+240
1.44;0.009;-2.390336325e+242;2.390336325e+242;9.857031841;9.857031841;-2.390336325e+242;2.390336325e+242
1.449;0.009;-7.768593056e+243;7.768593056e+243;9.856144748;9.856144748;-7.768593056e+243;7.768593056e+243
1.458;0.009;-2.524792743e+245;2.524792743e+245;9.855257735;9.855257735;-2.524792743e+245;2.524792743e+245
1.467;0.009;-8.205576416e+246;8.205576416e+246;9.854370802;9.854370802;-8.205576416e+246;8.205576416e+246
1.476;0.009;-2.666812335e+248;2.666812335e+248;9.853483948;9.853483948;-2.666812335e+248;2.666812335e+248
1.485;0.009;-8.667140089e+249;8.667140089e+249;9.852597175;9.852597175;-8.667140089e+249;8.667140089e+249
1.494;0.009;-2.816820529e+251;2.816820529e+251;9.851710481;9.851710481;-2.816820529e+251;2.816820529e+251
1.503;0.009;-9.154666719e+252;9.154666719e+252;9.850823867;9.850823867;-9.154666719e+252;9.154666719e+252
1.512;0.009;-2.975266684e+254;2.975266684e+254;9.849937333;9.849937333;-2.975266684e+254;2.975266684e+254
1.521;0.009;-9.669616722e+255;9.669616722e+255;9.849050878;9.849050878;-9.669616722e+255;9.669616722e+255
1.53;0.009;-3.142625435e+257;3.142625435e+257;9.848164503;9.848164503;-3.142625435e+257;3.142625435e+257
1.539;0.009;-1.021353266e+259;1.021353266e+259;9.847278209;9.847278209;-1.021353266e+259;1.021353266e+259
1.548;0.009;-3.319398115e+260;3.319398115e+260;9.846391993;9.846391993;-3.319398115e+260;3.319398115e+260
1.557;0.009;-1.078804388e+262;1.078804388e+262;9.845505858;9.845505858;-1.078804388e+262;1.078804388e+262
1.566;0.009;-3.506114259e+263;3.506114259e+263;9.844619802;9.844619802;-3.506114259e+263;3.506114259e+263
1.575;0.009;-1.139487134e+265;1.139487134e+265;9.843733826;9.843733826;-1.139487134e+265;1.139487134e+265
1.584;0.009;-3.703333186e+266;3.703333186e+266;9.84284793;9.84284793;-3.703333186e+266;3.703333186e+266
1.593;0.009;-1.203583286e+268;1.203583286e+268;9.841962114;9.841962114;-1.203583286e+268;1.203583286e+268
1.602;0.009;-3.911645678e+269;3.911645678e+269;9.841076377;9.841076377;-3.911645678e+269;3.911645678e+269
1.611;0.009;-1.271284845e+271;1.271284845e+271;9.84019072;9.84019072;-1.271284845e+271;1.271284845e+271
1.62;0.009;-4.131675748e+272;4.131675748e+272;9.839305143;9.839305143;-4.131675748e+272;4.131675748e+272
1.629;0.009;-1.342794618e+274;1.342794618e+274;9.838419645;9.838419645;-1.342794618e+274;1.342794618e+274
1.638;0.009;-4.364082508e+275;4.364082508e+275;9.837534227;9.837534227;-4.364082508e+275;4.364082508e+275
1.647;0.009;-1.418326815e+277;1.418326815e+277;9.836648889;9.836648889;-1.418326815e+277;1.418326815e+277
1.656;0.009;-4.60956215e+278;4.60956215e+278;9.83576363;9.83576363;-4.60956215e+278;4.60956215e+278
1.665;0.009;-1.498107699e+280;1.498107699e+280;9.834878451;9.834878451;-1.498107699e+280;1.498107699e+280
1.674;0.009;-4.86885002e+281;4.86885002e+281;9.833993352;9.833993352;-4.86885002e+281;4.86885002e+281
1.683;0.009;-1.582376257e+283;1.582376257e+283;9.833108333;9.833108333;-1.582376257e+283;1.582376257e+283
1.692;0.009;-5.142722834e+284;5.142722834e+284;9.832223393;9.832223393;-5.142722834e+284;5.142722834e+284
1.701;0.009;-1.671384921e+286;1.671384921e+286;9.831338532;9.831338532;-1.671384921e+286;1.671384921e+286
1.71;0.009;-5.432000994e+287;5.432000994e+287;9.830453752;9.830453752;-5.432000994e+287;5.432000994e+287
1.719;0.009;-1.765400323e+289;1.765400323e+289;9.829569051;9.829569051;-1.765400323e+289;1.765400323e+289
1.728;0.009;-5.737551049e+290;5.737551049e+290;9.828684429;9.828684429;-5.737551049e+290;5.737551049e+290
1.737;0.009;-1.864704091e+292;1.864704091e+292;9.827799888;9.827799888;-1.864704091e+292;1.864704091e+292
1.746;0.009;-6.060288296e+293;6.060288296e+293;9.826915425;9.826915425;-6.060288296e+293;6.060288296e+293
1.755;0.009;-1.969593696e+295;1.969593696e+295;9.826031043;9.826031043;-1.969593696e+295;1.969593696e+295
1.764;0.009;-6.401179513e+296;6.401179513e+296;9.82514674;9.82514674;-6.401179513e+296;6.401179513e+296
1.773;0.009;-2.080383342e+298;2.080383342e+298;9.824262516;9.824262516;-2.080383342e+298;2.080383342e+298
1.782;0.009;-6.76124586e+299;6.76124586e+299;9.823378373;9.823378373;-6.76124586e+299;6.76124586e+299
1.791;0.009;-2.197404905e+301;2.197404905e+301;9.822494308;9.822494308;-2.197404905e+301;2.197404905e+301
1.8;0.009;-7.14156594e+302;7.14156594e+302;9.821610324;9.821610324;-7.14156594e+302;7.14156594e+302
1.809;0.009;-2.32100893e+304;2.32100893e+304;9.820726418;9.820726418;-2.32100893e+304;2.32100893e+304
1.818;0.009;-7.543279024e+305;7.543279024e+305;9.819842593;9.819842593;-7.543279024e+305;7.543279024e+305
1.827;0.009;-inf;inf;9.818958847;9.818958847;-inf;inf
1.836;0.009;-nan(ind);-nan(ind);9.81807518;9.81807518;-nan(ind);-nan(ind)
1.845;0.009;-nan(ind);-nan(ind);9.817191593;9.817191593;-nan(ind);-nan(ind)
1.854;0.009;-nan(ind);-nan(ind);9.816308086;9.816308086;-nan(ind);-nan(ind)
1.863;0.009;-nan(ind);-nan(ind);9.815424658;9.815424658;-nan(ind);-nan(ind)
1.872;0.009;-nan(ind);-nan(ind);9.814541309;9.814541309;-nan(ind);-nan(ind)
1.881;0.009;-nan(ind);-nan(ind);9.81365804;9.81365804;-nan(ind);-nan(ind)
1.89;0.009;-nan(ind);-nan(ind);9.812774851;9.812774851;-nan(ind);-nan(ind)
1.899;0.009;-nan(ind);-nan(ind);9.811891741;9.811891741;-nan(ind);-nan(ind)
1.908;0.009;-nan(ind);-nan(ind);9.81100871;9.81100871;-nan(ind);-nan(ind)
1.917;0.009;-nan(ind);-nan(ind);9.810125759;9.810125759;-nan(ind);-nan(ind)
1.926;0.009;-nan(ind);-nan(ind);9.809242888;9.809242888;-nan(ind);-nan(ind)
1.935;0.009;-nan(ind);-nan(ind);9.808360096;9.808360096;-nan(ind);-nan(ind)
1.944;0.009;-nan(ind);-nan(ind);9.807477383;9.807477383;-nan(ind);-nan(ind)
1.953;0.009;-nan(ind);-nan(ind);9.80659475;9.80659475;-nan(ind);-nan(ind)
1.962;0.009;-nan(ind);-nan(ind);9.805712196;9.805712196;-nan(ind);-nan(ind)
1.971;0.009;-nan(ind);-nan(ind);9.804829721;9.804829721;-nan(ind);-nan(ind)
1.98;0.009;-nan(ind);-nan(ind);9.803947326;9.803947326;-nan(ind);-nan(ind)
1.989;0.009;-nan(ind);-nan(ind);9.803065011;9.803065011;-nan(ind);-nan(ind)
1.998;0.009;-nan(ind);-nan(ind);9.802182775;9.802182775;-nan(ind);-nan(ind)
2.007;0.009;-nan(ind);-nan(ind);9.801300618;9.801300618;-nan(ind);-nan(ind)
2.016;0.009;-nan(ind);-nan(ind);9.800418541;9.800418541;-nan(ind);-nan(ind)
2.025;0.009;-nan(ind);-nan(ind);9.799536543;9.799536543;-nan(ind);-nan(ind)
2.034;0.009;-nan(ind);-nan(ind);9.798654624;9.798654624;-nan(ind);-nan(ind)
2.043;0.009;-nan(ind);-nan(ind);9.797772785;9.797772785;-nan(ind);-nan(ind)
2.052;0.009;-nan(ind);-nan(ind);9.796891025;9.796891025;-nan(ind);-nan(ind)
2.061;0.009;-nan(ind);-nan(ind);9.796009344;9.796009344;-nan(ind);-nan(ind)
2.07;0.009;-nan(ind);-nan(ind);9.795127743;9.795127743;-nan(ind);-nan(ind)
2.079;0.009;-nan(ind);-nan(ind);9.794246221;9.794246221;-nan(ind);-nan(ind)
2.088;0.009;-nan(ind);-nan(ind);9.793364779;9.793364779;-nan(ind);-nan(ind)
2.097;0.009;-nan(ind);-nan(ind);9.792483416;9.792483416;-nan(ind);-nan(ind)
2.106;0.009;-nan(ind);-nan(ind);9.791602132;9.791602132;-nan(ind);-nan(ind)
2.115;0.009;-nan(ind);-nan(ind);9.790720927;9.790720927;-nan(ind);-nan(ind)
2.124;0.009;-nan(ind);-nan(ind);9.789839802;9.789839802;-nan(ind);-nan(ind)
2.133;0.009;-nan(ind);-nan(ind);9.788958756;9.788958756;-nan(ind);-nan(ind)
2.142;0.009;-nan(ind);-nan(ind);9.78807779;9.78807779;-nan(ind);-nan(ind)
2.151;0.009;-nan(ind);-nan(ind);9.787196902;9.787196902;-nan(ind);-nan(ind)
2.16;0.009;-nan(ind);-nan(ind);9.786316094;9.786316094;-nan(ind);-nan(ind)
2.169;0.009;-nan(ind);-nan(ind);9.785435365;9.785435365;-nan(ind);-nan(ind)
2.178;0.009;-nan(ind);-nan(ind);9.784554716;9.784554716;-nan(ind);-nan(ind)
2.187;0.009;-nan(ind);-nan(ind);9.783674145;9.783674145;-nan(ind);-nan(ind)
2.196;0.009;-nan(ind);-nan(ind);9.782793654;9.782793654;-nan(ind);-nan(ind)
2.205;0.009;-nan(ind);-nan(ind);9.781913243;9.781913243;-nan(ind);-nan(ind)
2.214;0.009;-nan(ind);-nan(ind);9.78103291;9.78103291;-nan(ind);-nan(ind)
2.223;0.009;-nan(ind);-nan(ind);9.780152657;9.780152657;-nan(ind);-nan(ind)
2.232;0.009;-nan(ind);-nan(ind);9.779272483;9.779272483;-nan(ind);-nan(ind)
2.241;0.009;-nan(ind);-nan(ind);9.778392388;9.778392388;-nan(ind);-nan(ind)
2.25;0.009;-nan(ind);-nan(ind);9.777512372;9.777512372;-nan(ind);-nan(ind)
2.259;0.009;-nan(ind);-nan(ind);9.776632435;9.776632435;-nan(ind);-nan(ind)
2.268;0.009;-nan(ind);-nan(ind);9.775752578;9.775752578;-nan(ind);-nan(ind)
2.277;0.009;-nan(ind);-nan(ind);9.7748728;9.7748728;-nan(ind);-nan(ind)
2.286;0.009;-nan(ind);-nan(ind);9.773993101;9.773993101;-nan(ind);-nan(ind)
2.295;0.009;-nan(ind);-nan(ind);9.773113481;9.773113481;-nan(ind);-nan(ind)
2.304;0.009;-nan(ind);-nan(ind);9.772233941;9.772233941;-nan(ind);-nan(ind)
2.313;0.009;-nan(ind);-nan(ind);9.771354479;9.771354479;-nan(ind);-nan(ind)
2.322;0.009;-nan(ind);-nan(ind);9.770475097;9.770475097;-nan(ind);-nan(ind)
2.331;0.009;-nan(ind);-nan(ind);9.769595794;9.769595794;-nan(ind);-nan(ind)
2.34;0.009;-nan(ind);-nan(ind);9.76871657;9.76871657;-nan(ind);-nan(ind)
2.349;0.009;-nan(ind);-nan(ind);9.767837425;9.767837425;-nan(ind);-nan(ind)
2.358;0.009;-nan(ind);-nan(ind);9.766958359;9.766958359;-nan(ind);-nan(ind)
2.367;0.009;-nan(ind);-nan(ind);9.766079372;9.766079372;-nan(ind);-nan(ind)
2.376;0.009;-nan(ind);-nan(ind);9.765200464;9.765200464;-nan(ind);-nan(ind)
2.385;0.009;-nan(ind);-nan(ind);9.764321636;9.764321636;-nan(ind);-nan(ind)
2.394;0.009;-nan(ind);-nan(ind);9.763442887;9.763442887;-nan(ind);-nan(ind)
2.403;0.009;-nan(ind);-nan(ind);9.762564216;9.762564216;-nan(ind);-nan(ind)
2.412;0.009;-nan(ind);-nan(ind);9.761685625;9.761685625;-nan(ind);-nan(ind)
2.421;0.009;-nan(ind);-nan(ind);9.760807113;9.760807113;-nan(ind);-nan(ind)
2.43;0.009;-nan(ind);-nan(ind);9.75992868;9.75992868;-nan(ind);-nan(ind)
2.439;0.009;-nan(ind);-nan(ind);9.759050326;9.759050326;-nan(ind);-nan(ind)
2.448;0.009;-nan(ind);-nan(ind);9.758172051;9.758172051;-nan(ind);-nan(ind)
2.457;0.009;-nan(ind);-nan(ind);9.757293855;9.757293855;-nan(ind);-nan(ind)
2.466;0.009;-nan(ind);-nan(ind);9.756415738;9.756415738;-nan(ind);-nan(ind)
2.475;0.009;-nan(ind);-nan(ind);9.7555377;9.7555377;-nan(ind);-nan(ind)
2.484;0.009;-nan(ind);-nan(ind);9.754659741;9.754659741;-nan(ind);-nan(ind)
2.493;0.009;-nan(ind);-nan(ind);9.753781861;9.753781861;-nan(ind);-nan(ind)
2.502;0.009;-nan(ind);-nan(ind);9.75290406;9.75290406;-nan(ind);-nan(ind)
2.511;0.009;-nan(ind);-nan(ind);9.752026338;9.752026338;-nan(ind);-nan(ind)
2.52;0.009;-nan(ind);-nan(ind);9.751148696;9.751148696;-nan(ind);-nan(ind)
2.529;0.009;-nan(ind);-nan(ind);9.750271132;9.750271132;-nan(ind);-nan(ind)
2.538;0.009;-nan(ind);-nan(ind);9.749393647;9.749393647;-nan(ind);-nan(ind)
2.547;0.009;-nan(ind);-nan(ind);9.748516241;9.748516241;-nan(ind);-nan(ind)
2.556;0.009;-nan(ind);-nan(ind);9.747638914;9.747638914;-nan(ind);-nan(ind)
2.565;0.009;-nan(ind);-nan(ind);9.746761666;9.746761666;-nan(ind);-nan(ind)
2.574;0.009;-nan(ind);-nan(ind);9.745884497;9.745884497;-nan(ind);-nan(ind)
2.583;0.009;-nan(ind);-nan(ind);9.745007407;9.745007407;-nan(ind);-nan(ind)
2.592;0.009;-nan(ind);-nan(ind);9.744130395;9.744130395;-nan(ind);-nan(ind)
2.601;0.009;-nan(ind);-nan(ind);9.743253463;9.743253463;-nan(ind);-nan(ind)
2.61;0.009;-nan(ind);-nan(ind);9.74237661;9.74237661;-nan(ind);-nan(ind)
2.619;0.009;-nan(ind);-nan(ind);9.741499835;9.741499835;-nan(ind);-nan(ind)
2.628;0.009;-nan(ind);-nan(ind);9.74062314;9.74062314;-nan(ind);-nan(ind)
2.637;0.009;-nan(ind);-nan(ind);9.739746523;9.739746523;-nan(ind);-nan(ind)
2.646;0.009;-nan(ind);-nan(ind);9.738869985;9.738869985;-nan(ind);-nan(ind)
2.655;0.009;-nan(ind);-nan(ind);9.737993527;9.737993527;-nan(ind);-nan(ind)
2.664;0.009;-nan(ind);-nan(ind);9.737117147;9.737117147;-nan(ind);-nan(ind)
2.673;0.009;-nan(ind);-nan(ind);9.736240845;9.736240845;-nan(ind);-nan(ind)
2.682;0.009;-nan(ind);-nan(ind);9.735364623;9.735364623;-nan(ind);-nan(ind)
2.691;0.009;-nan(ind);-nan(ind);9.73448848;9.73448848;-nan(ind);-nan(ind)
2.7;0.009;-nan(ind);-nan(ind);9.733612415;9.733612415;-nan(ind);-nan(ind)
2.709;0.009;-nan(ind);-nan(ind);9.73273643;9.73273643;-nan(ind);-nan(ind)
2.718;0.009;-nan(ind);-nan(ind);9.731860523;9.731860523;-nan(ind);-nan(ind)
2.727;0.009;-nan(ind);-nan(ind);9.730984695;9.730984695;-nan(ind);-nan(ind)
2.736;0.009;-nan(ind);-nan(ind);9.730108945;9.730108945;-nan(ind);-nan(ind)
2.745;0.009;-nan(ind);-nan(ind);9.729233275;9.729233275;-nan(ind);-nan(ind)
2.754;0.009;-nan(ind);-nan(ind);9.728357683;9.728357683;-nan(ind);-nan(ind)
2.763;0.009;-nan(ind);-nan(ind);9.727482171;9.727482171;-nan(ind);-nan(ind)
2.772;0.009;-nan(ind);-nan(ind);9.726606737;9.726606737;-nan(ind);-nan(ind)
2.781;0.009;-nan(ind);-nan(ind);9.725731381;9.725731381;-nan(ind);-nan(ind)
2.79;0.009;-nan(ind);-nan(ind);9.724856105;9.724856105;-nan(ind);-nan(ind)
2.799;0.009;-nan(ind);-nan(ind);9.723980907;9.723980907;-nan(ind);-nan(ind)
2.808;0.009;-nan(ind);-nan(ind);9.723105788;9.723105788;-nan(ind);-nan(ind)
2.817;0.009;-nan(ind);-nan(ind);9.722230748;9.722230748;-nan(ind);-nan(ind)
2.826;0.009;-nan(ind);-nan(ind);9.721355787;9.721355787;-nan(ind);-nan(ind)
2.835;0.009;-nan(ind);-nan(ind);9.720480904;9.720480904;-nan(ind);-nan(ind)
2.844;0.009;-nan(ind);-nan(ind);9.7196061;9.7196061;-nan(ind);-nan(ind)
2.853;0.009;-nan(ind);-nan(ind);9.718731375;9.718731375;-nan(ind);-nan(ind)
2.862;0.009;-nan(ind);-nan(ind);9.717856729;9.717856729;-nan(ind);-nan(ind)
2.871;0.009;-nan(ind);-nan(ind);9.716982161;9.716982161;-nan(ind);-nan(ind)
2.88;0.009;-nan(ind);-nan(ind);9.716107672;9.716107672;-nan(ind);-nan(ind)
2.889;0.009;-nan(ind);-nan(ind);9.715233262;9.715233262;-nan(ind);-nan(ind)
2.898;0.009;-nan(ind);-nan(ind);9.71435893;9.71435893;-nan(ind);-nan(ind)
2.907;0.009;-nan(ind);-nan(ind);9.713484677;9.713484677;-nan(ind);-nan(ind)
2.916;0.009;-nan(ind);-nan(ind);9.712610503;9.712610503;-nan(ind);-nan(ind)
2.925;0.009;-nan(ind);-nan(ind);9.711736407;9.711736407;-nan(ind);-nan(ind)
2.934;0.009;-nan(ind);-nan(ind);9.71086239;9.71086239;-nan(ind);-nan(ind)
2.943;0.009;-nan(ind);-nan(ind);9.709988452;9.709988452;-nan(ind);-nan(ind)
2.952;0.009;-nan(ind);-nan(ind);9.709114592;9.709114592;-nan(ind);-nan(ind)
2.961;0.009;-nan(ind);-nan(ind);9.708240811;9.708240811;-nan(ind);-nan(ind)
2.97;0.009;-nan(ind);-nan(ind);9.707367109;9.707367109;-nan(ind);-nan(ind)
2.979;0.009;-nan(ind);-nan(ind);9.706493485;9.706493485;-nan(ind);-nan(ind)
2.988;0.009;-nan(ind);-nan(ind);9.70561994;9.70561994;-nan(ind);-nan(ind)
2.997;0.009;-nan(ind);-nan(ind);9.704746474;9.704746474;-nan(ind);-nan(ind)
3.006;0.009;-nan(ind);-nan(ind);9.703873086;9.703873086;-nan(ind);-nan(ind)
3.015;0.009;-nan(ind);-nan(ind);9.702999776;9.702999776;-nan(ind);-nan(ind)
3.024;0.009;-nan(ind);-nan(ind);9.702126546;9.702126546;-nan(ind);-nan(ind)
3.033;0.009;-nan(ind);-nan(ind);9.701253394;9.701253394;-nan(ind);-nan(ind)
3.042;0.009;-nan(ind);-nan(ind);9.70038032;9.70038032;-nan(ind);-nan(ind)
3.051;0.009;-nan(ind);-nan(ind);9.699507325;9.699507325;-nan(ind);-nan(ind)
3.06;0.009;-nan(ind);-nan(ind);9.698634409;9.698634409;-nan(ind);-nan(ind)
3.069;0.009;-nan(ind);-nan(ind);9.697761571;9.697761571;-nan(ind);-nan(ind)
3.078;0.009;-nan(ind);-nan(ind);9.696888812;9.696888812;-nan(ind);-nan(ind)
3.087;0.009;-nan(ind);-nan(ind);9.696016131;9.696016131;-nan(ind);-nan(ind)
3.096;0.009;-nan(ind);-nan(ind);9.695143529;9.695143529;-nan(ind);-nan(ind)
3.105;0.009;-nan(ind);-nan(ind);9.694271005;9.694271005;-nan(ind);-nan(ind)
3.114;0.009;-nan(ind);-nan(ind);9.69339856;9.69339856;-nan(ind);-nan(ind)
3.123;0.009;-nan(ind);-nan(ind);9.692526193;9.692526193;-nan(ind);-nan(ind)
3.132;0.009;-nan(ind);-nan(ind);9.691653905;9.691653905;-nan(ind);-nan(ind)
3.141;0.009;-nan(ind);-nan(ind);9.690781696;9.690781696;-nan(ind);-nan(ind)
3.15;0.009;-nan(ind);-nan(ind);9.689909565;9.689909565;-nan(ind);-nan(ind)
3.159;0.009;-nan(ind);-nan(ind);9.689037512;9.689037512;-nan(ind);-nan(ind)
3.168;0.009;-nan(ind);-nan(ind);9.688165538;9.688165538;-nan(ind);-nan(ind)
3.177;0.009;-nan(ind);-nan(ind);9.687293642;9.687293642;-nan(ind);-nan(ind)
3.186;0.009;-nan(ind);-nan(ind);9.686421825;9.686421825;-nan(ind);-nan(ind)
3.195;0.009;-nan(ind);-nan(ind);9.685550086;9.685550086;-nan(ind);-nan(ind)
3.204;0.009;-nan(ind);-nan(ind);9.684678426;9.684678426;-nan(ind);-nan(ind)
3.213;0.009;-nan(ind);-nan(ind);9.683806844;9.683806844;-nan(ind);-nan(ind)
3.222;0.009;-nan(ind);-nan(ind);9.682935341;9.682935341;-nan(ind);-nan(ind)
3.231;0.009;-nan(ind);-nan(ind);9.682063916;9.682063916;-nan(ind);-nan(ind)
3.24;0.009;-nan(ind);-nan(ind);9.681192569;9.681192569;-nan(ind);-nan(ind)
3.249;0.009;-nan(ind);-nan(ind);9.680321301;9.680321301;-nan(ind);-nan(ind)
3.258;0.009;-nan(ind);-nan(ind);9.679450111;9.679450111;-nan(ind);-nan(ind)
3.267;0.009;-nan(ind);-nan(ind);9.678579;9.678579;-nan(ind);-nan(ind)
3.276;0.009;-nan(ind);-nan(ind);9.677707967;9.677707967;-nan(ind);-nan(ind)
3.285;0.009;-nan(ind);-nan(ind);9.676837013;9.676837013;-nan(ind);-nan(ind)
3.294;0.009;-nan(ind);-nan(ind);9.675966136;9.675966136;-nan(ind);-nan(ind)
3.303;0.009;-nan(ind);-nan(ind);9.675095339;9.675095339;-nan(ind);-nan(ind)
3.312;0.009;-nan(ind);-nan(ind);9.674224619;9.674224619;-nan(ind);-nan(ind)
3.321;0.009;-nan(ind);-nan(ind);9.673353978;9.673353978;-nan(ind);-nan(ind)
3.33;0.009;-nan(ind);-nan(ind);9.672483416;9.672483416;-nan(ind);-nan(ind)
3.339;0.009;-nan(ind);-nan(ind);9.671612931;9.671612931;-nan(ind);-nan(ind)
3.348;0.009;-nan(ind);-nan(ind);9.670742525;9.670742525;-nan(ind);-nan(ind)
3.357;0.009;-nan(ind);-nan(ind);9.669872198;9.669872198;-nan(ind);-nan(ind)
3.366;0.009;-nan(ind);-nan(ind);9.669001948;9.669001948;-nan(ind);-nan(ind)
3.375;0.009;-nan(ind);-nan(ind);9.668131777;9.668131777;-nan(ind);-nan(ind)
3.384;0.009;-nan(ind);-nan(ind);9.667261685;9.667261685;-nan(ind);-nan(ind)
3.393;0.009;-nan(ind);-nan(ind);9.66639167;9.66639167;-nan(ind);-nan(ind)
3.402;0.009;-nan(ind);-nan(ind);9.665521734;9.665521734;-nan(ind);-nan(ind)
3.411;0.009;-nan(ind);-nan(ind);9.664651876;9.664651876;-nan(ind);-nan(ind)
3.42;0.009;-nan(ind);-nan(ind);9.663782097;9.663782097;-nan(ind);-nan(ind)
3.429;0.009;-nan(ind);-nan(ind);9.662912395;9.662912395;-nan(ind);-nan(ind)
3.438;0.009;-nan(ind);-nan(ind);9.662042772;9.662042772;-nan(ind);-nan(ind)
3.447;0.009;-nan(ind);-nan(ind);9.661173228;9.661173228;-nan(ind);-nan(ind)
3.456;0.009;-nan(ind);-nan(ind);9.660303761;9.660303761;-nan(ind);-nan(ind)
3.465;0.009;-nan(ind);-nan(ind);9.659434373;9.659434373;-nan(ind);-nan(ind)
3.474;0.009;-nan(ind);-nan(ind);9.658565063;9.658565063;-nan(ind);-nan(ind)
3.483;0.009;-nan(ind);-nan(ind);9.657695831;9.657695831;-nan(ind);-nan(ind)
3.492;0.009;-nan(ind);-nan(ind);9.656826678;9.656826678;-nan(ind);-nan(ind)
3.501;0.009;-nan(ind);-nan(ind);9.655957603;9.655957603;-nan(ind);-nan(ind)
3.51;0.009;-nan(ind);-nan(ind);9.655088605;9.655088605;-nan(ind);-nan(ind)
3.519;0.009;-nan(ind);-nan(ind);9.654219687;9.654219687;-nan(ind);-nan(ind)
3.528;0.009;-nan(ind);-nan(ind);9.653350846;9.653350846;-nan(ind);-nan(ind)
3.537;0.009;-nan(ind);-nan(ind);9.652482083;9.652482083;-nan(ind);-nan(ind)
3.546;0.009;-nan(ind);-nan(ind);9.651613399;9.651613399;-nan(ind);-nan(ind)
3.555;0.009;-nan(ind);-nan(ind);9.650744793;9.650744793;-nan(ind);-nan(ind)
3.564;0.009;-nan(ind);-nan(ind);9.649876265;9.649876265;-nan(ind);-nan(ind)
3.573;0.009;-nan(ind);-nan(ind);9.649007815;9.649007815;-nan(ind);-nan(ind)
3.582;0.009;-nan(ind);-nan(ind);9.648139444;9.648139444;-nan(ind);-nan(ind)
3.591;0.009;-nan(ind);-nan(ind);9.64727115;9.64727115;-nan(ind);-nan(ind)
3.6;0.009;-nan(ind);-nan(ind);9.646402935;9.646402935;-nan(ind);-nan(ind)
3.609;0.009;-nan(ind);-nan(ind);9.645534798;9.645534798;-nan(ind);-nan(ind)
3.618;0.009;-nan(ind);-nan(ind);9.644666739;9.644666739;-nan(ind);-nan(ind)
3.627;0.009;-nan(ind);-nan(ind);9.643798758;9.643798758;-nan(ind);-nan(ind)
3.636;0.009;-nan(ind);-nan(ind);9.642930855;9.642930855;-nan(ind);-nan(ind)
3.645;0.009;-nan(ind);-nan(ind);9.64206303;9.64206303;-nan(ind);-nan(ind)
3.654;0.009;-nan(ind);-nan(ind);9.641195283;9.641195283;-nan(ind);-nan(ind)
3.663;0.009;-nan(ind);-nan(ind);9.640327615;9.640327615;-nan(ind);-nan(ind)
3.672;0.009;-nan(ind);-nan(ind);9.639460024;9.639460024;-nan(ind);-nan(ind)
3.681;0.009;-nan(ind);-nan(ind);9.638592512;9.638592512;-nan(ind);-nan(ind)
3.69;0.009;-nan(ind);-nan(ind);9.637725078;9.637725078;-nan(ind);-nan(ind)
3.699;0.009;-nan(ind);-nan(ind);9.636857722;9.636857722;-nan(ind);-nan(ind)
3.708;0.009;-nan(ind);-nan(ind);9.635990443;9.635990443;-nan(ind);-nan(ind)
3.717;0.009;-nan(ind);-nan(ind);9.635123243;9.635123243;-nan(ind);-nan(ind)
3.726;0.009;-nan(ind);-nan(ind);9.634256121;9.634256121;-nan(ind);-nan(ind)
3.735;0.009;-nan(ind);-nan(ind);9.633389077;9.633389077;-nan(ind);-nan(ind)
3.744;0.009;-nan(ind);-nan(ind);9.632522111;9.632522111;-nan(ind);-nan(ind)
3.753;0.009;-nan(ind);-nan(ind);9.631655223;9.631655223;-nan(ind);-nan(ind)
3.762;0.009;-nan(ind);-nan(ind);9.630788413;9.630788413;-nan(ind);-nan(ind)
3.771;0.009;-nan(ind);-nan(ind);9.629921681;9.629921681;-nan(ind);-nan(ind)
3.78;0.009;-nan(ind);-nan(ind);9.629055027;9.629055027;-nan(ind);-nan(ind)
3.789;0.009;-nan(ind);-nan(ind);9.628188451;9.628188451;-nan(ind);-nan(ind)
3.798;0.009;-nan(ind);-nan(ind);9.627321953;9.627321953;-nan(ind);-nan(ind)
3.807;0.009;-nan(ind);-nan(ind);9.626455533;9.626455533;-nan(ind);-nan(ind)
3.816;0.009;-nan(ind);-nan(ind);9.625589191;9.625589191;-nan(ind);-nan(ind)
3.825;0.009;-nan(ind);-nan(ind);9.624722927;9.624722927;-nan(ind);-nan(ind)
3.834;0.009;-nan(ind);-nan(ind);9.623856741;9.623856741;-nan(ind);-nan(ind)
3.843;0.009;-nan(ind);-nan(ind);9.622990633;9.622990633;-nan(ind);-nan(ind)
3.852;0.009;-nan(ind);-nan(ind);9.622124603;9.622124603;-nan(ind);-nan(ind)
3.861;0.009;-nan(ind);-nan(ind);9.621258651;9.621258651;-nan(ind);-nan(ind)
3.87;0.009;-nan(ind);-nan(ind);9.620392776;9.620392776;-nan(ind);-nan(ind)
3.879;0.009;-nan(ind);-nan(ind);9.61952698;9.61952698;-nan(ind);-nan(ind)
3.888;0.009;-nan(ind);-nan(ind);9.618661262;9.618661262;-nan(ind);-nan(ind)
3.897;0.009;-nan(ind);-nan(ind);9.617795621;9.617795621;-nan(ind);-nan(ind)
3.906;0.009;-nan(ind);-nan(ind);9.616930058;9.616930058;-nan(ind);-nan(ind)
3.915;0.009;-nan(ind);-nan(ind);9.616064574;9.616064574;-nan(ind);-nan(ind)
3.924;0.009;-nan(ind);-nan(ind);9.615199167;9.615199167;-nan(ind);-nan(ind)
3.933;0.009;-nan(ind);-nan(ind);9.614333838;9.614333838;-nan(ind);-nan(ind)
3.942;0.009;-nan(ind);-nan(ind);9.613468587;9.613468587;-nan(ind);-nan(ind)
3.951;0.009;-nan(ind);-nan(ind);9.612603413;9.612603413;-nan(ind);-nan(ind)
3.96;0.009;-nan(ind);-nan(ind);9.611738318;9.611738318;-nan(ind);-nan(ind)
3.969;0.009;-nan(ind);-nan(ind);9.6108733;9.6108733;-nan(ind);-nan(ind)
3.978;0.009;-nan(ind);-nan(ind);9.610008361;9.610008361;-nan(ind);-nan(ind)
3.987;0.009;-nan(ind);-nan(ind);9.609143499;9.609143499;-nan(ind);-nan(ind)
3.996;0.009;-nan(ind);-nan(ind);9.608278715;9.608278715;-nan(ind);-nan(ind)
4.005;0.009;-nan(ind);-nan(ind);9.607414009;9.607414009;-nan(ind);-nan(ind)
4.014;0.009;-nan(ind);-nan(ind);9.60654938;9.60654938;-nan(ind);-nan(ind)
4.023;0.009;-nan(ind);-nan(ind);9.60568483;9.60568483;-nan(ind);-nan(ind)
4.032;0.009;-nan(ind);-nan(ind);9.604820357;9.604820357;-nan(ind);-nan(ind)
4.041;0.009;-nan(ind);-nan(ind);9.603955962;9.603955962;-nan(ind);-nan(ind)
4.05;0.009;-nan(ind);-nan(ind);9.603091645;9.603091645;-nan(ind);-nan(ind)
4.059;0.009;-nan(ind);-nan(ind);9.602227406;9.602227406;-nan(ind);-nan(ind)
4.068;0.009;-nan(ind);-nan(ind);9.601363244;9.601363244;-nan(ind);-nan(ind)
4.077;0.009;-nan(ind);-nan(ind);9.60049916;9.60049916;-nan(ind);-nan(ind)
4.086;0.009;-nan(ind);-nan(ind);9.599635154;9.599635154;-nan(ind);-nan(ind)
4.095;0.009;-nan(ind);-nan(ind);9.598771226;9.598771226;-nan(ind);-nan(ind)
4.104;0.009;-nan(ind);-nan(ind);9.597907376;9.597907376;-nan(ind);-nan(ind)
4.113;0.009;-nan(ind);-nan(ind);9.597043603;9.597043603;-nan(ind);-nan(ind)
4.122;0.009;-nan(ind);-nan(ind);9.596179908;9.596179908;-nan(ind);-nan(ind)
4.131;0.009;-nan(ind);-nan(ind);9.59531629;9.59531629;-nan(ind);-nan(ind)
4.14;0.009;-nan(ind);-nan(ind);9.594452751;9.594452751;-nan(ind);-nan(ind)
4.149;0.009;-nan(ind);-nan(ind);9.593589289;9.593589289;-nan(ind);-nan(ind)
4.158;0.009;-nan(ind);-nan(ind);9.592725905;9.592725905;-nan(ind);-nan(ind)
4.167;0.009;-nan(ind);-nan(ind);9.591862598;9.591862598;-nan(ind);-nan(ind)
4.176;0.009;-nan(ind);-nan(ind);9.590999369;9.590999369;-nan(ind);-nan(ind)
4.185;0.009;-nan(ind);-nan(ind);9.590136218;9.590136218;-nan(ind);-nan(ind)
4.194;0.009;-nan(ind);-nan(ind);9.589273145;9.589273145;-nan(ind);-nan(ind)
4.203;0.009;-nan(ind);-nan(ind);9.588410149;9.588410149;-nan(ind);-nan(ind)
4.212;0.009;-nan(ind);-nan(ind);9.587547231;9.587547231;-nan(ind);-nan(ind)
4.221;0.009;-nan(ind);-nan(ind);9.586684391;9.586684391;-nan(ind);-nan(ind)
4.23;0.009;-nan(ind);-nan(ind);9.585821628;9.585821628;-nan(ind);-nan(ind)
4.239;0.009;-nan(ind);-nan(ind);9.584958943;9.584958943;-nan(ind);-nan(ind)
4.248;0.009;-nan(ind);-nan(ind);9.584096335;9.584096335;-nan(ind);-nan(ind)
4.257;0.009;-nan(ind);-nan(ind);9.583233805;9.583233805;-nan(ind);-nan(ind)
4.266;0.009;-nan(ind);-nan(ind);9.582371353;9.582371353;-nan(ind);-nan(ind)
4.275;0.009;-nan(ind);-nan(ind);9.581508979;9.581508979;-nan(ind);-nan(ind)
4.284;0.009;-nan(ind);-nan(ind);9.580646682;9.580646682;-nan(ind);-nan(ind)
4.293;0.009;-nan(ind);-nan(ind);9.579784462;9.579784462;-nan(ind);-nan(ind)
4.302;0.009;-nan(ind);-nan(ind);9.57892232;9.57892232;-nan(ind);-nan(ind)
4.311;0.009;-nan(ind);-nan(ind);9.578060256;9.578060256;-nan(ind);-nan(ind)
4.32;0.009;-nan(ind);-nan(ind);9.577198269;9.577198269;-nan(ind);-nan(ind)
4.329;0.009;-nan(ind);-nan(ind);9.57633636;9.57633636;-nan(ind);-nan(ind)
4.338;0.009;-nan(ind);-nan(ind);9.575474529;9.575474529;-nan(ind);-nan(ind)
4.347;0.009;-nan(ind);-nan(ind);9.574612775;9.574612775;-nan(ind);-nan(ind)
4.356;0.009;-nan(ind);-nan(ind);9.573751099;9.573751099;-nan(ind);-nan(ind)
4.365;0.009;-nan(ind);-nan(ind);9.5728895;9.5728895;-nan(ind);-nan(ind)
4.374;0.009;-nan(ind);-nan(ind);9.572027978;9.572027978;-nan(ind);-nan(ind)
4.383;0.009;-nan(ind);-nan(ind);9.571166535;9.571166535;-nan(ind);-nan(ind)
4.392;0.009;-nan(ind);-nan(ind);9.570305169;9.570305169;-nan(ind);-nan(ind)
4.401;0.009;-nan(ind);-nan(ind);9.56944388;9.56944388;-nan(ind);-nan(ind)
4.41;0.009;-nan(ind);-nan(ind);9.568582669;9.568582669;-nan(ind);-nan(ind)
4.419;0.009;-nan(ind);-nan(ind);9.567721535;9.567721535;-nan(ind);-nan(ind)
4.428;0.009;-nan(ind);-nan(ind);9.566860479;9.566860479;-nan(ind);-nan(ind)
4.437;0.009;-nan(ind);-nan(ind);9.5659995;9.5659995;-nan(ind);-nan(ind)
4.446;0.009;-nan(ind);-nan(ind);9.565138599;9.565138599;-nan(ind);-nan(ind)
4.455;0.009;-nan(ind);-nan(ind);9.564277775;9.564277775;-nan(ind);-nan(ind)
4.464;0.009;-nan(ind);-nan(ind);9.563417029;9.563417029;-nan(ind);-nan(ind)
4.473;0.009;-nan(ind);-nan(ind);9.56255636;9.56255636;-nan(ind);-nan(ind)
4.482;0.009;-nan(ind);-nan(ind);9.561695769;9.561695769;-nan(ind);-nan(ind)
4.491;0.009;-nan(ind);-nan(ind);9.560835255;9.560835255;-nan(ind);-nan(ind)
4.5;0.009;-nan(ind);-nan(ind);9.559974818;9.559974818;-nan(ind);-nan(ind)
4.509;0.009;-nan(ind);-nan(ind);9.559114459;9.559114459;-nan(ind);-nan(ind)
4.518;0.009;-nan(ind);-nan(ind);9.558254178;9.558254178;-nan(ind);-nan(ind)
4.527;0.009;-nan(ind);-nan(ind);9.557393974;9.557393974;-nan(ind);-nan(ind)
4.536;0.009;-nan(ind);-nan(ind);9.556533847;9.556533847;-nan(ind);-nan(ind)
4.545;0.009;-nan(ind);-nan(ind);9.555673797;9.555673797;-nan(ind);-nan(ind)
4.554;0.009;-nan(ind);-nan(ind);9.554813826;9.554813826;-nan(ind);-nan(ind)
4.563;0.009;-nan(ind);-nan(ind);9.553953931;9.553953931;-nan(ind);-nan(ind)
4.572;0.009;-nan(ind);-nan(ind);9.553094114;9.553094114;-nan(ind);-nan(ind)
4.581;0.009;-nan(ind);-nan(ind);9.552234374;9.552234374;-nan(ind);-nan(ind)
4.59;0.009;-nan(ind);-nan(ind);9.551374712;9.551374712;-nan(ind);-nan(ind)
4.599;0.009;-nan(ind);-nan(ind);9.550515127;9.550515127;-nan(ind);-nan(ind)
4.608;0.009;-nan(ind);-nan(ind);9.549655619;9.549655619;-nan(ind);-nan(ind)
4.617;0.009;-nan(ind);-nan(ind);9.548796189;9.548796189;-nan(ind);-nan(ind)
4.626;0.009;-nan(ind);-nan(ind);9.547936836;9.547936836;-nan(ind);-nan(ind)
4.635;0.009;-nan(ind);-nan(ind);9.54707756;9.54707756;-nan(ind);-nan(ind)
4.644;0.009;-nan(ind);-nan(ind);9.546218362;9.546218362;-nan(ind);-nan(ind)
4.653;0.009;-nan(ind);-nan(ind);9.545359241;9.545359241;-nan(ind);-nan(ind)
4.662;0.009;-nan(ind);-nan(ind);9.544500197;9.544500197;-nan(ind);-nan(ind)
4.671;0.009;-nan(ind);-nan(ind);9.543641231;9.543641231;-nan(ind);-nan(ind)
4.68;0.009;-nan(ind);-nan(ind);9.542782342;9.542782342;-nan(ind);-nan(ind)
4.689;0.009;-nan(ind);-nan(ind);9.54192353;9.54192353;-nan(ind);-nan(ind)
4.698;0.009;-nan(ind);-nan(ind);9.541064795;9.541064795;-nan(ind);-nan(ind)
4.707;0.009;-nan(ind);-nan(ind);9.540206138;9.540206138;-nan(ind);-nan(ind)
4.716;0.009;-nan(ind);-nan(ind);9.539347558;9.539347558;-nan(ind);-nan(ind)
4.725;0.009;-nan(ind);-nan(ind);9.538489056;9.538489056;-nan(ind);-nan(ind)
4.734;0.009;-nan(ind);-nan(ind);9.53763063;9.53763063;-nan(ind);-nan(ind)
4.743;0.009;-nan(ind);-nan(ind);9.536772282;9.536772282;-nan(ind);-nan(ind)
4.752;0.009;-nan(ind);-nan(ind);9.535914011;9.535914011;-nan(ind);-nan(ind)
4.761;0.009;-nan(ind);-nan(ind);9.535055817;9.535055817;-nan(ind);-nan(ind)
4.77;0.009;-nan(ind);-nan(ind);9.534197701;9.534197701;-nan(ind);-nan(ind)
4.779;0.009;-nan(ind);-nan(ind);9.533339662;9.533339662;-nan(ind);-nan(ind)
4.788;0.009;-nan(ind);-nan(ind);9.5324817;9.5324817;-nan(ind);-nan(ind)
4.797;0.009;-nan(ind);-nan(ind);9.531623815;9.531623815;-nan(ind);-nan(ind)
4.806;0.009;-nan(ind);-nan(ind);9.530766008;9.530766008;-nan(ind);-nan(ind)
4.815;0.009;-nan(ind);-nan(ind);9.529908277;9.529908277;-nan(ind);-nan(ind)
4.824;0.009;-nan(ind);-nan(ind);9.529050624;9.529050624;-nan(ind);-nan(ind)
4.833;0.009;-nan(ind);-nan(ind);9.528193048;9.528193048;-nan(ind);-nan(ind)
4.842;0.009;-nan(ind);-nan(ind);9.527335549;9.527335549;-nan(ind);-nan(ind)
4.851;0.009;-nan(ind);-nan(ind);9.526478128;9.526478128;-nan(ind);-nan(ind)
4.86;0.009;-nan(ind);-nan(ind);9.525620783;9.525620783;-nan(ind);-nan(ind)
4.869;0.009;-nan(ind);-nan(ind);9.524763516;9.524763516;-nan(ind);-nan(ind)
4.878;0.009;-nan(ind);-nan(ind);9.523906326;9.523906326;-nan(ind);-nan(ind)
4.887;0.009;-nan(ind);-nan(ind);9.523049213;9.523049213;-nan(ind);-nan(ind)
4.896;0.009;-nan(ind);-nan(ind);9.522192177;9.522192177;-nan(ind);-nan(ind)
4.905;0.009;-nan(ind);-nan(ind);9.521335218;9.521335218;-nan(ind);-nan(ind)
4.914;0.009;-nan(ind);-nan(ind);9.520478337;9.520478337;-nan(ind);-nan(ind)
4.923;0.009;-nan(ind);-nan(ind);9.519621532;9.519621532;-nan(ind);-nan(ind)
4.932;0.009;-nan(ind);-nan(ind);9.518764805;9.518764805;-nan(ind);-nan(ind)
4.941;0.009;-nan(ind);-nan(ind);9.517908155;9.517908155;-nan(ind);-nan(ind)
4.95;0.009;-nan(ind);-nan(ind);9.517051581;9.517051581;-nan(ind);-nan(ind)
4.959;0.009;-nan(ind);-nan(ind);9.516195085;9.516195085;-nan(ind);-nan(ind)
4.968;0.009;-nan(ind);-nan(ind);9.515338666;9.515338666;-nan(ind);-nan(ind)
4.977;0.009;-nan(ind);-nan(ind);9.514482324;9.514482324;-nan(ind);-nan(ind)
4.986;0.009;-nan(ind);-nan(ind);9.513626059;9.513626059;-nan(ind);-nan(ind)
4.995;0.009;-nan(ind);-nan(ind);9.512769872;9.512769872;-nan(ind);-nan(ind)
5.004;0.009;-nan(ind);-nan(ind);9.511913761;9.511913761;-nan(ind);-nan(ind)
5.013;0.009;-nan(ind);-nan(ind);9.511057727;9.511057727;-nan(ind);-nan(ind)
5.022;0.009;-nan(ind);-nan(ind);9.51020177;9.51020177;-nan(ind);-nan(ind)
5.031;0.009;-nan(ind);-nan(ind);9.509345891;9.509345891;-nan(ind);-nan(ind)
5.04;0.009;-nan(ind);-nan(ind);9.508490088;9.508490088;-nan(ind);-nan(ind)
5.049;0.009;-nan(ind);-nan(ind);9.507634363;9.507634363;-nan(ind);-nan(ind)
5.058;0.009;-nan(ind);-nan(ind);9.506778714;9.506778714;-nan(ind);-nan(ind)
5.067;0.009;-nan(ind);-nan(ind);9.505923142;9.505923142;-nan(ind);-nan(ind)
5.076;0.009;-nan(ind);-nan(ind);9.505067648;9.505067648;-nan(ind);-nan(ind)
5.085;0.009;-nan(ind);-nan(ind);9.50421223;9.50421223;-nan(ind);-nan(ind)
5.094;0.009;-nan(ind);-nan(ind);9.50335689;9.50335689;-nan(ind);-nan(ind)
5.103;0.009;-nan(ind);-nan(ind);9.502501626;9.502501626;-nan(ind);-nan(ind)
5.112;0.009;-nan(ind);-nan(ind);9.501646439;9.501646439;-nan(ind);-nan(ind)
5.121;0.009;-nan(ind);-nan(ind);9.50079133;9.50079133;-nan(ind);-nan(ind)
5.13;0.009;-nan(ind);-nan(ind);9.499936297;9.499936297;-nan(ind);-nan(ind)
5.139;0.009;-nan(ind);-nan(ind);9.499081341;9.499081341;-nan(ind);-nan(ind)
5.148;0.009;-nan(ind);-nan(ind);9.498226462;9.498226462;-nan(ind);-nan(ind)
5.157;0.009;-nan(ind);-nan(ind);9.49737166;9.49737166;-nan(ind);-nan(ind)
5.166;0.009;-nan(ind);-nan(ind);9.496516935;9.496516935;-nan(ind);-nan(ind)
5.175;0.009;-nan(ind);-nan(ind);9.495662287;9.495662287;-nan(ind);-nan(ind)
5.184;0.009;-nan(ind);-nan(ind);9.494807716;9.494807716;-nan(ind);-nan(ind)
5.193;0.009;-nan(ind);-nan(ind);9.493953222;9.493953222;-nan(ind);-nan(ind)
5.202;0.009;-nan(ind);-nan(ind);9.493098805;9.493098805;-nan(ind);-nan(ind)
5.211;0.009;-nan(ind);-nan(ind);9.492244464;9.492244464;-nan(ind);-nan(ind)
5.22;0.009;-nan(ind);-nan(ind);9.491390201;9.491390201;-nan(ind);-nan(ind)
5.229;0.009;-nan(ind);-nan(ind);9.490536014;9.490536014;-nan(ind);-nan(ind)
5.238;0.009;-nan(ind);-nan(ind);9.489681904;9.489681904;-nan(ind);-nan(ind)
5.247;0.009;-nan(ind);-nan(ind);9.488827871;9.488827871;-nan(ind);-nan(ind)
5.256;0.009;-nan(ind);-nan(ind);9.487973915;9.487973915;-nan(ind);-nan(ind)
5.265;0.009;-nan(ind);-nan(ind);9.487120036;9.487120036;-nan(ind);-nan(ind)
5.274;0.009;-nan(ind);-nan(ind);9.486266233;9.486266233;-nan(ind);-nan(ind)
5.283;0.009;-nan(ind);-nan(ind);9.485412508;9.485412508;-nan(ind);-nan(ind)
5.292;0.009;-nan(ind);-nan(ind);9.484558859;9.484558859;-nan(ind);-nan(ind)
5.301;0.009;-nan(ind);-nan(ind);9.483705287;9.483705287;-nan(ind);-nan(ind)
5.31;0.009;-nan(ind);-nan(ind);9.482851792;9.482851792;-nan(ind);-nan(ind)
5.319;0.009;-nan(ind);-nan(ind);9.481998374;9.481998374;-nan(ind);-nan(ind)
5.328;0.009;-nan(ind);-nan(ind);9.481145033;9.481145033;-nan(ind);-nan(ind)
5.337;0.009;-nan(ind);-nan(ind);9.480291768;9.480291768;-nan(ind);-nan(ind)
5.346;0.009;-nan(ind);-nan(ind);9.47943858;9.47943858;-nan(ind);-nan(ind)
5.355;0.009;-nan(ind);-nan(ind);9.478585469;9.478585469;-nan(ind);-nan(ind)
5.364;0.009;-nan(ind);-nan(ind);9.477732435;9.477732435;-nan(ind);-nan(ind)
5.373;0.009;-nan(ind);-nan(ind);9.476879477;9.476879477;-nan(ind);-nan(ind)
5.382;0.009;-nan(ind);-nan(ind);9.476026596;9.476026596;-nan(ind);-nan(ind)
5.391;0.009;-nan(ind);-nan(ind);9.475173792;9.475173792;-nan(ind);-nan(ind)
5.4;0.009;-nan(ind);-nan(ind);9.474321065;9.474321065;-nan(ind);-nan(ind)
5.409;0.009;-nan(ind);-nan(ind);9.473468414;9.473468414;-nan(ind);-nan(ind)
5.418;0.009;-nan(ind);-nan(ind);9.472615841;9.472615841;-nan(ind);-nan(ind)
5.427;0.009;-nan(ind);-nan(ind);9.471763344;9.471763344;-nan(ind);-nan(ind)
5.436;0.009;-nan(ind);-nan(ind);9.470910923;9.470910923;-nan(ind);-nan(ind)
5.445;0.009;-nan(ind);-nan(ind);9.47005858;9.47005858;-nan(ind);-nan(ind)
5.454;0.009;-nan(ind);-nan(ind);9.469206313;9.469206313;-nan(ind);-nan(ind)
5.463;0.009;-nan(ind);-nan(ind);9.468354123;9.468354123;-nan(ind);-nan(ind)
5.472;0.009;-nan(ind);-nan(ind);9.467502009;9.467502009;-nan(ind);-nan(ind)
5.481;0.009;-nan(ind);-nan(ind);9.466649972;9.466649972;-nan(ind);-nan(ind)
5.49;0.009;-nan(ind);-nan(ind);9.465798012;9.465798012;-nan(ind);-nan(ind)
5.499;0.009;-nan(ind);-nan(ind);9.464946129;9.464946129;-nan(ind);-nan(ind)
5.508;0.009;-nan(ind);-nan(ind);9.464094322;9.464094322;-nan(ind);-nan(ind)
5.517;0.009;-nan(ind);-nan(ind);9.463242592;9.463242592;-nan(ind);-nan(ind)
5.526;0.009;-nan(ind);-nan(ind);9.462390938;9.462390938;-nan(ind);-nan(ind)
5.535;0.009;-nan(ind);-nan(ind);9.461539361;9.461539361;-nan(ind);-nan(ind)
5.544;0.009;-nan(ind);-nan(ind);9.460687861;9.460687861;-nan(ind);-nan(ind)
5.553;0.009;-nan(ind);-nan(ind);9.459836437;9.459836437;-nan(ind);-nan(ind)
5.562;0.009;-nan(ind);-nan(ind);9.45898509;9.45898509;-nan(ind);-nan(ind)
5.571;0.009;-nan(ind);-nan(ind);9.45813382;9.45813382;-nan(ind);-nan(ind)
5.58;0.009;-nan(ind);-nan(ind);9.457282626;9.457282626;-nan(ind);-nan(ind)
5.589;0.009;-nan(ind);-nan(ind);9.456431509;9.456431509;-nan(ind);-nan(ind)
5.598;0.009;-nan(ind);-nan(ind);9.455580469;9.455580469;-nan(ind);-nan(ind)
5.607;0.009;-nan(ind);-nan(ind);9.454729505;9.454729505;-nan(ind);-nan(ind)
5.616;0.009;-nan(ind);-nan(ind);9.453878617;9.453878617;-nan(ind);-nan(ind)
5.625;0.009;-nan(ind);-nan(ind);9.453027807;9.453027807;-nan(ind);-nan(ind)
5.634;0.009;-nan(ind);-nan(ind);9.452177072;9.452177072;-nan(ind);-nan(ind)
5.643;0.009;-nan(ind);-nan(ind);9.451326415;9.451326415;-nan(ind);-nan(ind)
5.652;0.009;-nan(ind);-nan(ind);9.450475834;9.450475834;-nan(ind);-nan(ind)
5.661;0.009;-nan(ind);-nan(ind);9.449625329;9.449625329;-nan(ind);-nan(ind)
5.67;0.009;-nan(ind);-nan(ind);9.448774901;9.448774901;-nan(ind);-nan(ind)
5.679;0.009;-nan(ind);-nan(ind);9.44792455;9.44792455;-nan(ind);-nan(ind)
5.688;0.009;-nan(ind);-nan(ind);9.447074275;9.447074275;-nan(ind);-nan(ind)
5.697;0.009;-nan(ind);-nan(ind);9.446224076;9.446224076;-nan(ind);-nan(ind)
5.706;0.009;-nan(ind);-nan(ind);9.445373954;9.445373954;-nan(ind);-nan(ind)
5.715;0.009;-nan(ind);-nan(ind);9.444523909;9.444523909;-nan(ind);-nan(ind)
5.724;0.009;-nan(ind);-nan(ind);9.44367394;9.44367394;-nan(ind);-nan(ind)
5.733;0.009;-nan(ind);-nan(ind);9.442824048;9.442824048;-nan(ind);-nan(ind)
5.742;0.009;-nan(ind);-nan(ind);9.441974232;9.441974232;-nan(ind);-nan(ind)
5.751;0.009;-nan(ind);-nan(ind);9.441124492;9.441124492;-nan(ind);-nan(ind)
5.76;0.009;-nan(ind);-nan(ind);9.440274829;9.440274829;-nan(ind);-nan(ind)
5.769;0.009;-nan(ind);-nan(ind);9.439425243;9.439425243;-nan(ind);-nan(ind)
5.778;0.009;-nan(ind);-nan(ind);9.438575733;9.438575733;-nan(ind);-nan(ind)
5.787;0.009;-nan(ind);-nan(ind);9.437726299;9.437726299;-nan(ind);-nan(ind)
5.796;0.009;-nan(ind);-nan(ind);9.436876942;9.436876942;-nan(ind);-nan(ind)
5.805;0.009;-nan(ind);-nan(ind);9.436027661;9.436027661;-nan(ind);-nan(ind)
5.814;0.009;-nan(ind);-nan(ind);9.435178457;9.435178457;-nan(ind);-nan(ind)
5.823;0.009;-nan(ind);-nan(ind);9.434329329;9.434329329;-nan(ind);-nan(ind)
5.832;0.009;-nan(ind);-nan(ind);9.433480278;9.433480278;-nan(ind);-nan(ind)
5.841;0.009;-nan(ind);-nan(ind);9.432631303;9.432631303;-nan(ind);-nan(ind)
5.85;0.009;-nan(ind);-nan(ind);9.431782404;9.431782404;-nan(ind);-nan(ind)
5.859;0.009;-nan(ind);-nan(ind);9.430933582;9.430933582;-nan(ind);-nan(ind)
5.868;0.009;-nan(ind);-nan(ind);9.430084836;9.430084836;-nan(ind);-nan(ind)
5.877;0.009;-nan(ind);-nan(ind);9.429236167;9.429236167;-nan(ind);-nan(ind)
5.886;0.009;-nan(ind);-nan(ind);9.428387573;9.428387573;-nan(ind);-nan(ind)
5.895;0.009;-nan(ind);-nan(ind);9.427539057;9.427539057;-nan(ind);-nan(ind)
5.904;0.009;-nan(ind);-nan(ind);9.426690616;9.426690616;-nan(ind);-nan(ind)
5.913;0.009;-nan(ind);-nan(ind);9.425842252;9.425842252;-nan(ind);-nan(ind)
5.922;0.009;-nan(ind);-nan(ind);9.424993965;9.424993965;-nan(ind);-nan(ind)
5.931;0.009;-nan(ind);-nan(ind);9.424145754;9.424145754;-nan(ind);-nan(ind)
5.94;0.009;-nan(ind);-nan(ind);9.423297619;9.423297619;-nan(ind);-nan(ind)
5.949;0.009;-nan(ind);-nan(ind);9.42244956;9.42244956;-nan(ind);-nan(ind)
5.958;0.009;-nan(ind);-nan(ind);9.421601578;9.421601578;-nan(ind);-nan(ind)
5.967;0.009;-nan(ind);-nan(ind);9.420753672;9.420753672;-nan(ind);-nan(ind)
5.976;0.009;-nan(ind);-nan(ind);9.419905842;9.419905842;-nan(ind);-nan(ind)
5.985;0.009;-nan(ind);-nan(ind);9.419058089;9.419058089;-nan(ind);-nan(ind)
5.994;0.009;-nan(ind);-nan(ind);9.418210412;9.418210412;-nan(ind);-nan(ind)
6.003;0.009;-nan(ind);-nan(ind);9.417362811;9.417362811;-nan(ind);-nan(ind)
6.012;0.009;-nan(ind);-nan(ind);9.416515286;9.416515286;-nan(ind);-nan(ind)
6.021;0.009;-nan(ind);-nan(ind);9.415667838;9.415667838;-nan(ind);-nan(ind)
6.03;0.009;-nan(ind);-nan(ind);9.414820466;9.414820466;-nan(ind);-nan(ind)
6.039;0.009;-nan(ind);-nan(ind);9.41397317;9.41397317;-nan(ind);-nan(ind)
6.048;0.009;-nan(ind);-nan(ind);9.413125951;9.413125951;-nan(ind);-nan(ind)
6.057;0.009;-nan(ind);-nan(ind);9.412278808;9.412278808;-nan(ind);-nan(ind)
6.066;0.009;-nan(ind);-nan(ind);9.411431741;9.411431741;-nan(ind);-nan(ind)
6.075;0.009;-nan(ind);-nan(ind);9.41058475;9.41058475;-nan(ind);-nan(ind)
6.084;0.009;-nan(ind);-nan(ind);9.409737835;9.409737835;-nan(ind);-nan(ind)
6.093;0.009;-nan(ind);-nan(ind);9.408890997;9.408890997;-nan(ind);-nan(ind)
6.102;0.009;-nan(ind);-nan(ind);9.408044235;9.408044235;-nan(ind);-nan(ind)
6.111;0.009;-nan(ind);-nan(ind);9.407197549;9.407197549;-nan(ind);-nan(ind)
6.12;0.009;-nan(ind);-nan(ind);9.406350939;9.406350939;-nan(ind);-nan(ind)
6.129;0.009;-nan(ind);-nan(ind);9.405504406;9.405504406;-nan(ind);-nan(ind)
6.138;0.009;-nan(ind);-nan(ind);9.404657949;9.404657949;-nan(ind);-nan(ind)
6.147;0.009;-nan(ind);-nan(ind);9.403811568;9.403811568;-nan(ind);-nan(ind)
6.156;0.009;-nan(ind);-nan(ind);9.402965263;9.402965263;-nan(ind);-nan(ind)
6.165;0.009;-nan(ind);-nan(ind);9.402119034;9.402119034;-nan(ind);-nan(ind)
6.174;0.009;-nan(ind);-nan(ind);9.401272881;9.401272881;-nan(ind);-nan(ind)
6.183;0.009;-nan(ind);-nan(ind);9.400426805;9.400426805;-nan(ind);-nan(ind)
6.192;0.009;-nan(ind);-nan(ind);9.399580804;9.399580804;-nan(ind);-nan(ind)
6.201;0.009;-nan(ind);-nan(ind);9.39873488;9.39873488;-nan(ind);-nan(ind)
6.21;0.009;-nan(ind);-nan(ind);9.397889032;9.397889032;-nan(ind);-nan(ind)
6.219;0.009;-nan(ind);-nan(ind);9.39704326;9.39704326;-nan(ind);-nan(ind)
6.228;0.009;-nan(ind);-nan(ind);9.396197564;9.396197564;-nan(ind);-nan(ind)
6.237;0.009;-nan(ind);-nan(ind);9.395351945;9.395351945;-nan(ind);-nan(ind)
6.246;0.009;-nan(ind);-nan(ind);9.394506401;9.394506401;-nan(ind);-nan(ind)
6.255;0.009;-nan(ind);-nan(ind);9.393660933;9.393660933;-nan(ind);-nan(ind)
6.264;0.009;-nan(ind);-nan(ind);9.392815542;9.392815542;-nan(ind);-nan(ind)
6.273;0.009;-nan(ind);-nan(ind);9.391970227;9.391970227;-nan(ind);-nan(ind)
6.282;0.009;-nan(ind);-nan(ind);9.391124987;9.391124987;-nan(ind);-nan(ind)
6.291;0.009;-nan(ind);-nan(ind);9.390279824;9.390279824;-nan(ind);-nan(ind)
6.3;0.009;-nan(ind);-nan(ind);9.389434737;9.389434737;-nan(ind);-nan(ind)
6.309;0.009;-nan(ind);-nan(ind);9.388589726;9.388589726;-nan(ind);-nan(ind)
6.318;0.009;-nan(ind);-nan(ind);9.387744791;9.387744791;-nan(ind);-nan(ind)
6.327;0.009;-nan(ind);-nan(ind);9.386899932;9.386899932;-nan(ind);-nan(ind)
6.336;0.009;-nan(ind);-nan(ind);9.386055149;9.386055149;-nan(ind);-nan(ind)
6.345;0.009;-nan(ind);-nan(ind);9.385210442;9.385210442;-nan(ind);-nan(ind)
6.354;0.009;-nan(ind);-nan(ind);9.384365811;9.384365811;-nan(ind);-nan(ind)
6.363;0.009;-nan(ind);-nan(ind);9.383521256;9.383521256;-nan(ind);-nan(ind)
6.372;0.009;-nan(ind);-nan(ind);9.382676777;9.382676777;-nan(ind);-nan(ind)
6.381;0.009;-nan(ind);-nan(ind);9.381832374;9.381832374;-nan(ind);-nan(ind)
6.39;0.009;-nan(ind);-nan(ind);9.380988047;9.380988047;-nan(ind);-nan(ind)
6.399;0.009;-nan(ind);-nan(ind);9.380143796;9.380143796;-nan(ind);-nan(ind)
6.408;0.009;-nan(ind);-nan(ind);9.379299621;9.379299621;-nan(ind);-nan(ind)
6.417;0.009;-nan(ind);-nan(ind);9.378455522;9.378455522;-nan(ind);-nan(ind)
6.426;0.009;-nan(ind);-nan(ind);9.377611499;9.377611499;-nan(ind);-nan(ind)
6.435;0.009;-nan(ind);-nan(ind);9.376767552;9.376767552;-nan(ind);-nan(ind)
6.444;0.009;-nan(ind);-nan(ind);9.375923681;9.375923681;-nan(ind);-nan(ind)
6.453;0.009;-nan(ind);-nan(ind);9.375079886;9.375079886;-nan(ind);-nan(ind)
6.462;0.009;-nan(ind);-nan(ind);9.374236167;9.374236167;-nan(ind);-nan(ind)
6.471;0.009;-nan(ind);-nan(ind);9.373392523;9.373392523;-nan(ind);-nan(ind)
6.48;0.009;-nan(ind);-nan(ind);9.372548956;9.372548956;-nan(ind);-nan(ind)
6.489;0.009;-nan(ind);-nan(ind);9.371705465;9.371705465;-nan(ind);-nan(ind)
6.498;0.009;-nan(ind);-nan(ind);9.370862049;9.370862049;-nan(ind);-nan(ind)
6.507;0.009;-nan(ind);-nan(ind);9.37001871;9.37001871;-nan(ind);-nan(ind)
6.516;0.009;-nan(ind);-nan(ind);9.369175446;9.369175446;-nan(ind);-nan(ind)
6.525;0.009;-nan(ind);-nan(ind);9.368332258;9.368332258;-nan(ind);-nan(ind)
6.534;0.009;-nan(ind);-nan(ind);9.367489146;9.367489146;-nan(ind);-nan(ind)
6.543;0.009;-nan(ind);-nan(ind);9.36664611;9.36664611;-nan(ind);-nan(ind)
6.552;0.009;-nan(ind);-nan(ind);9.36580315;9.36580315;-nan(ind);-nan(ind)
6.561;0.009;-nan(ind);-nan(ind);9.364960265;9.364960265;-nan(ind);-nan(ind)
6.57;0.009;-nan(ind);-nan(ind);9.364117457;9.364117457;-nan(ind);-nan(ind)
6.579;0.009;-nan(ind);-nan(ind);9.363274724;9.363274724;-nan(ind);-nan(ind)
6.588;0.009;-nan(ind);-nan(ind);9.362432067;9.362432067;-nan(ind);-nan(ind)
6.597;0.009;-nan(ind);-nan(ind);9.361589486;9.361589486;-nan(ind);-nan(ind)
6.606;0.009;-nan(ind);-nan(ind);9.360746981;9.360746981;-nan(ind);-nan(ind)
6.615;0.009;-nan(ind);-nan(ind);9.359904552;9.359904552;-nan(ind);-nan(ind)
6.624;0.009;-nan(ind);-nan(ind);9.359062198;9.359062198;-nan(ind);-nan(ind)
6.633;0.009;-nan(ind);-nan(ind);9.358219921;9.358219921;-nan(ind);-nan(ind)
6.642;0.009;-nan(ind);-nan(ind);9.357377719;9.357377719;-nan(ind);-nan(ind)
6.651;0.009;-nan(ind);-nan(ind);9.356535593;9.356535593;-nan(ind);-nan(ind)
6.66;0.009;-nan(ind);-nan(ind);9.355693542;9.355693542;-nan(ind);-nan(ind)
6.669;0.009;-nan(ind);-nan(ind);9.354851568;9.354851568;-nan(ind);-nan(ind)
6.678;0.009;-nan(ind);-nan(ind);9.354009669;9.354009669;-nan(ind);-nan(ind)
6.687;0.009;-nan(ind);-nan(ind);9.353167846;9.353167846;-nan(ind);-nan(ind)
6.696;0.009;-nan(ind);-nan(ind);9.352326099;9.352326099;-nan(ind);-nan(ind)
6.705;0.009;-nan(ind);-nan(ind);9.351484427;9.351484427;-nan(ind);-nan(ind)
6.714;0.009;-nan(ind);-nan(ind);9.350642832;9.350642832;-nan(ind);-nan(ind)
6.723;0.009;-nan(ind);-nan(ind);9.349801312;9.349801312;-nan(ind);-nan(ind)
6.732;0.009;-nan(ind);-nan(ind);9.348959867;9.348959867;-nan(ind);-nan(ind)
6.741;0.009;-nan(ind);-nan(ind);9.348118499;9.348118499;-nan(ind);-nan(ind)
6.75;0.009;-nan(ind);-nan(ind);9.347277206;9.347277206;-nan(ind);-nan(ind)
6.759;0.009;-nan(ind);-nan(ind);9.346435989;9.346435989;-nan(ind);-nan(ind)
6.768;0.009;-nan(ind);-nan(ind);9.345594848;9.345594848;-nan(ind);-nan(ind)
6.777;0.009;-nan(ind);-nan(ind);9.344753782;9.344753782;-nan(ind);-nan(ind)
6.786;0.009;-nan(ind);-nan(ind);9.343912792;9.343912792;-nan(ind);-nan(ind)
6.795;0.009;-nan(ind);-nan(ind);9.343071878;9.343071878;-nan(ind);-nan(ind)
6.804;0.009;-nan(ind);-nan(ind);9.342231039;9.342231039;-nan(ind);-nan(ind)
6.813;0.009;-nan(ind);-nan(ind);9.341390276;9.341390276;-nan(ind);-nan(ind)
6.822;0.009;-nan(ind);-nan(ind);9.340549589;9.340549589;-nan(ind);-nan(ind)
6.831;0.009;-nan(ind);-nan(ind);9.339708977;9.339708977;-nan(ind);-nan(ind)
6.84;0.009;-nan(ind);-nan(ind);9.338868441;9.338868441;-nan(ind);-nan(ind)
6.849;0.009;-nan(ind);-nan(ind);9.338027981;9.338027981;-nan(ind);-nan(ind)
6.858;0.009;-nan(ind);-nan(ind);9.337187596;9.337187596;-nan(ind);-nan(ind)
6.867;0.009;-nan(ind);-nan(ind);9.336347287;9.336347287;-nan(ind);-nan(ind)
6.876;0.009;-nan(ind);-nan(ind);9.335507054;9.335507054;-nan(ind);-nan(ind)
6.885;0.009;-nan(ind);-nan(ind);9.334666896;9.334666896;-nan(ind);-nan(ind)
6.894;0.009;-nan(ind);-nan(ind);9.333826814;9.333826814;-nan(ind);-nan(ind)
6.903;0.009;-nan(ind);-nan(ind);9.332986807;9.332986807;-nan(ind);-nan(ind)
6.912;0.009;-nan(ind);-nan(ind);9.332146876;9.332146876;-nan(ind);-nan(ind)
6.921;0.009;-nan(ind);-nan(ind);9.331307021;9.331307021;-nan(ind);-nan(ind)
6.93;0.009;-nan(ind);-nan(ind);9.330467241;9.330467241;-nan(ind);-nan(ind)
6.939;0.009;-nan(ind);-nan(ind);9.329627536;9.329627536;-nan(ind);-nan(ind)
6.948;0.009;-nan(ind);-nan(ind);9.328787908;9.328787908;-nan(ind);-nan(ind)
6.957;0.009;-nan(ind);-nan(ind);9.327948355;9.327948355;-nan(ind);-nan(ind)
6.966;0.009;-nan(ind);-nan(ind);9.327108877;9.327108877;-nan(ind);-nan(ind)
6.975;0.009;-nan(ind);-nan(ind);9.326269475;9.326269475;-nan(ind);-nan(ind)
6.984;0.009;-nan(ind);-nan(ind);9.325430149;9.325430149;-nan(ind);-nan(ind)
6.993;0.009;-nan(ind);-nan(ind);9.324590898;9.324590898;-nan(ind);-nan(ind)
7.002;0.009;-nan(ind);-nan(ind);9.323751722;9.323751722;-nan(ind);-nan(ind)
7.011;0.009;-nan(ind);-nan(ind);9.322912622;9.322912622;-nan(ind);-nan(ind)
7.02;0.009;-nan(ind);-nan(ind);9.322073598;9.322073598;-nan(ind);-nan(ind)
7.029;0.009;-nan(ind);-nan(ind);9.321234649;9.321234649;-nan(ind);-nan(ind)
7.038;0.009;-nan(ind);-nan(ind);9.320395776;9.320395776;-nan(ind);-nan(ind)
7.047;0.009;-nan(ind);-nan(ind);9.319556978;9.319556978;-nan(ind);-nan(ind)
7.056;0.009;-nan(ind);-nan(ind);9.318718255;9.318718255;-nan(ind);-nan(ind)
7.065;0.009;-nan(ind);-nan(ind);9.317879608;9.317879608;-nan(ind);-nan(ind)
7.074;0.009;-nan(ind);-nan(ind);9.317041037;9.317041037;-nan(ind);-nan(ind)
7.083;0.009;-nan(ind);-nan(ind);9.316202541;9.316202541;-nan(ind);-nan(ind)
7.092;0.009;-nan(ind);-nan(ind);9.315364121;9.315364121;-nan(ind);-nan(ind)
7.101;0.009;-nan(ind);-nan(ind);9.314525776;9.314525776;-nan(ind);-nan(ind)
7.11;0.009;-nan(ind);-nan(ind);9.313687506;9.313687506;-nan(ind);-nan(ind)
7.119;0.009;-nan(ind);-nan(ind);9.312849312;9.312849312;-nan(ind);-nan(ind)
7.128;0.009;-nan(ind);-nan(ind);9.312011193;9.312011193;-nan(ind);-nan(ind)
7.137;0.009;-nan(ind);-nan(ind);9.31117315;9.31117315;-nan(ind);-nan(ind)
7.146;0.009;-nan(ind);-nan(ind);9.310335182;9.310335182;-nan(ind);-nan(ind)
7.155;0.009;-nan(ind);-nan(ind);9.309497289;9.309497289;-nan(ind);-nan(ind)
7.164;0.009;-nan(ind);-nan(ind);9.308659472;9.308659472;-nan(ind);-nan(ind)
7.173;0.009;-nan(ind);-nan(ind);9.307821731;9.307821731;-nan(ind);-nan(ind)
7.182;0.009;-nan(ind);-nan(ind);9.306984064;9.306984064;-nan(ind);-nan(ind)
7.191;0.009;-nan(ind);-nan(ind);9.306146474;9.306146474;-nan(ind);-nan(ind)
7.2;0.009;-nan(ind);-nan(ind);9.305308958;9.305308958;-nan(ind);-nan(ind)
7.209;0.009;-nan(ind);-nan(ind);9.304471518;9.304471518;-nan(ind);-nan(ind)
7.218;0.009;-nan(ind);-nan(ind);9.303634153;9.303634153;-nan(ind);-nan(ind)
7.227;0.009;-nan(ind);-nan(ind);9.302796864;9.302796864;-nan(ind);-nan(ind)
7.236;0.009;-nan(ind);-nan(ind);9.30195965;9.30195965;-nan(ind);-nan(ind)
7.245;0.009;-nan(ind);-nan(ind);9.301122511;9.301122511;-nan(ind);-nan(ind)
7.254;0.009;-nan(ind);-nan(ind);9.300285448;9.300285448;-nan(ind);-nan(ind)
7.263;0.009;-nan(ind);-nan(ind);9.29944846;9.29944846;-nan(ind);-nan(ind)
7.272;0.009;-nan(ind);-nan(ind);9.298611547;9.298611547;-nan(ind);-nan(ind)
7.281;0.009;-nan(ind);-nan(ind);9.29777471;9.29777471;-nan(ind);-nan(ind)
7.29;0.009;-nan(ind);-nan(ind);9.296937948;9.296937948;-nan(ind);-nan(ind)
7.299;0.009;-nan(ind);-nan(ind);9.296101261;9.296101261;-nan(ind);-nan(ind)
7.308;0.009;-nan(ind);-nan(ind);9.295264649;9.295264649;-nan(ind);-nan(ind)
7.317;0.009;-nan(ind);-nan(ind);9.294428113;9.294428113;-nan(ind);-nan(ind)
7.326;0.009;-nan(ind);-nan(ind);9.293591652;9.293591652;-nan(ind);-nan(ind)
7.335;0.009;-nan(ind);-nan(ind);9.292755267;9.292755267;-nan(ind);-nan(ind)
7.344;0.009;-nan(ind);-nan(ind);9.291918956;9.291918956;-nan(ind);-nan(ind)
7.353;0.009;-nan(ind);-nan(ind);9.291082721;9.291082721;-nan(ind);-nan(ind)
7.362;0.009;-nan(ind);-nan(ind);9.290246561;9.290246561;-nan(ind);-nan(ind)
7.371;0.009;-nan(ind);-nan(ind);9.289410477;9.289410477;-nan(ind);-nan(ind)
7.38;0.009;-nan(ind);-nan(ind);9.288574468;9.288574468;-nan(ind);-nan(ind)
7.389;0.009;-nan(ind);-nan(ind);9.287738533;9.287738533;-nan(ind);-nan(ind)
7.398;0.009;-nan(ind);-nan(ind);9.286902675;9.286902675;-nan(ind);-nan(ind)
7.407;0.009;-nan(ind);-nan(ind);9.286066891;9.286066891;-nan(ind);-nan(ind)
7.416;0.009;-nan(ind);-nan(ind);9.285231183;9.285231183;-nan(ind);-nan(ind)
7.425;0.009;-nan(ind);-nan(ind);9.284395549;9.284395549;-nan(ind);-nan(ind)
7.434;0.009;-nan(ind);-nan(ind);9.283559991;9.283559991;-nan(ind);-nan(ind)
7.443;0.009;-nan(ind);-nan(ind);9.282724509;9.282724509;-nan(ind);-nan(ind)
7.452;0.009;-nan(ind);-nan(ind);9.281889101;9.281889101;-nan(ind);-nan(ind)
7.461;0.009;-nan(ind);-nan(ind);9.281053769;9.281053769;-nan(ind);-nan(ind)
7.47;0.009;-nan(ind);-nan(ind);9.280218511;9.280218511;-nan(ind);-nan(ind)
7.479;0.009;-nan(ind);-nan(ind);9.279383329;9.279383329;-nan(ind);-nan(ind)
7.488;0.009;-nan(ind);-nan(ind);9.278548222;9.278548222;-nan(ind);-nan(ind)
7.497;0.009;-nan(ind);-nan(ind);9.277713191;9.277713191;-nan(ind);-nan(ind)
7.506;0.009;-nan(ind);-nan(ind);9.276878234;9.276878234;-nan(ind);-nan(ind)
7.515;0.009;-nan(ind);-nan(ind);9.276043352;9.276043352;-nan(ind);-nan(ind)
7.524;0.009;-nan(ind);-nan(ind);9.275208546;9.275208546;-nan(ind);-nan(ind)
7.533;0.009;-nan(ind);-nan(ind);9.274373815;9.274373815;-nan(ind);-nan(ind)
7.542;0.009;-nan(ind);-nan(ind);9.273539159;9.273539159;-nan(ind);-nan(ind)
7.551;0.009;-nan(ind);-nan(ind);9.272704578;9.272704578;-nan(ind);-nan(ind)
7.56;0.009;-nan(ind);-nan(ind);9.271870072;9.271870072;-nan(ind);-nan(ind)
7.569;0.009;-nan(ind);-nan(ind);9.271035641;9.271035641;-nan(ind);-nan(ind)
7.578;0.009;-nan(ind);-nan(ind);9.270201286;9.270201286;-nan(ind);-nan(ind)
7.587;0.009;-nan(ind);-nan(ind);9.269367005;9.269367005;-nan(ind);-nan(ind)
7.596;0.009;-nan(ind);-nan(ind);9.268532799;9.268532799;-nan(ind);-nan(ind)
7.605;0.009;-nan(ind);-nan(ind);9.267698669;9.267698669;-nan(ind);-nan(ind)
7.614;0.009;-nan(ind);-nan(ind);9.266864614;9.266864614;-nan(ind);-nan(ind)
7.623;0.009;-nan(ind);-nan(ind);9.266030633;9.266030633;-nan(ind);-nan(ind)
7.632;0.009;-nan(ind);-nan(ind);9.265196728;9.265196728;-nan(ind);-nan(ind)
7.641;0.009;-nan(ind);-nan(ind);9.264362898;9.264362898;-nan(ind);-nan(ind)
7.65;0.009;-nan(ind);-nan(ind);9.263529143;9.263529143;-nan(ind);-nan(ind)
7.659;0.009;-nan(ind);-nan(ind);9.262695463;9.262695463;-nan(ind);-nan(ind)
7.668;0.009;-nan(ind);-nan(ind);9.261861858;9.261861858;-nan(ind);-nan(ind)
7.677;0.009;-nan(ind);-nan(ind);9.261028328;9.261028328;-nan(ind);-nan(ind)
7.686;0.009;-nan(ind);-nan(ind);9.260194873;9.260194873;-nan(ind);-nan(ind)
7.695;0.009;-nan(ind);-nan(ind);9.259361493;9.259361493;-nan(ind);-nan(ind)
7.704;0.009;-nan(ind);-nan(ind);9.258528188;9.258528188;-nan(ind);-nan(ind)
7.713;0.009;-nan(ind);-nan(ind);9.257694957;9.257694957;-nan(ind);-nan(ind)
7.722;0.009;-nan(ind);-nan(ind);9.256861802;9.256861802;-nan(ind);-nan(ind)
7.731;0.009;-nan(ind);-nan(ind);9.256028722;9.256028722;-nan(ind);-nan(ind)
7.74;0.009;-nan(ind);-nan(ind);9.255195717;9.255195717;-nan(ind);-nan(ind)
7.749;0.009;-nan(ind);-nan(ind);9.254362787;9.254362787;-nan(ind);-nan(ind)
7.758;0.009;-nan(ind);-nan(ind);9.253529932;9.253529932;-nan(ind);-nan(ind)
7.767;0.009;-nan(ind);-nan(ind);9.252697152;9.252697152;-nan(ind);-nan(ind)
7.776;0.009;-nan(ind);-nan(ind);9.251864446;9.251864446;-nan(ind);-nan(ind)
7.785;0.009;-nan(ind);-nan(ind);9.251031816;9.251031816;-nan(ind);-nan(ind)
7.794;0.009;-nan(ind);-nan(ind);9.250199261;9.250199261;-nan(ind);-nan(ind)
7.803;0.009;-nan(ind);-nan(ind);9.24936678;9.24936678;-nan(ind);-nan(ind)
7.812;0.009;-nan(ind);-nan(ind);9.248534375;9.248534375;-nan(ind);-nan(ind)
7.821;0.009;-nan(ind);-nan(ind);9.247702044;9.247702044;-nan(ind);-nan(ind)
7.83;0.009;-nan(ind);-nan(ind);9.246869788;9.246869788;-nan(ind);-nan(ind)
7.839;0.009;-nan(ind);-nan(ind);9.246037608;9.246037608;-nan(ind);-nan(ind)
7.848;0.009;-nan(ind);-nan(ind);9.245205502;9.245205502;-nan(ind);-nan(ind)
7.857;0.009;-nan(ind);-nan(ind);9.244373471;9.244373471;-nan(ind);-nan(ind)
7.866;0.009;-nan(ind);-nan(ind);9.243541514;9.243541514;-nan(ind);-nan(ind)
7.875;0.009;-nan(ind);-nan(ind);9.242709633;9.242709633;-nan(ind);-nan(ind)
7.884;0.009;-nan(ind);-nan(ind);9.241877827;9.241877827;-nan(ind);-nan(ind)
7.893;0.009;-nan(ind);-nan(ind);9.241046095;9.241046095;-nan(ind);-nan(ind)
7.902;0.009;-nan(ind);-nan(ind);9.240214438;9.240214438;-nan(ind);-nan(ind)
7.911;0.009;-nan(ind);-nan(ind);9.239382856;9.239382856;-nan(ind);-nan(ind)
7.92;0.009;-nan(ind);-nan(ind);9.238551349;9.238551349;-nan(ind);-nan(ind)
7.929;0.009;-nan(ind);-nan(ind);9.237719917;9.237719917;-nan(ind);-nan(ind)
7.938;0.009;-nan(ind);-nan(ind);9.23688856;9.23688856;-nan(ind);-nan(ind)
7.947;0.009;-nan(ind);-nan(ind);9.236057277;9.236057277;-nan(ind);-nan(ind)
7.956;0.009;-nan(ind);-nan(ind);9.235226069;9.235226069;-nan(ind);-nan(ind)
7.965;0.009;-nan(ind);-nan(ind);9.234394937;9.234394937;-nan(ind);-nan(ind)
7.974;0.009;-nan(ind);-nan(ind);9.233563878;9.233563878;-nan(ind);-nan(ind)
7.983;0.009;-nan(ind);-nan(ind);9.232732895;9.232732895;-nan(ind);-nan(ind)
7.992;0.009;-nan(ind);-nan(ind);9.231901986;9.231901986;-nan(ind);-nan(ind)
8.001;0.009;-nan(ind);-nan(ind);9.231071153;9.231071153;-nan(ind);-nan(ind)
8.01;0.009;-nan(ind);-nan(ind);9.230240394;9.230240394;-nan(ind);-nan(ind)
8.019;0.009;-nan(ind);-nan(ind);9.229409709;9.229409709;-nan(ind);-nan(ind)
8.028;0.009;-nan(ind);-nan(ind);9.2285791;9.2285791;-nan(ind);-nan(ind)
8.037;0.009;-nan(ind);-nan(ind);9.227748565;9.227748565;-nan(ind);-nan(ind)
8.046;0.009;-nan(ind);-nan(ind);9.226918105;9.226918105;-nan(ind);-nan(ind)
8.055;0.009;-nan(ind);-nan(ind);9.22608772;9.22608772;-nan(ind);-nan(ind)
8.064;0.009;-nan(ind);-nan(ind);9.225257409;9.225257409;-nan(ind);-nan(ind)
8.073;0.009;-nan(ind);-nan(ind);9.224427174;9.224427174;-nan(ind);-nan(ind)
8.082;0.009;-nan(ind);-nan(ind);9.223597012;9.223597012;-nan(ind);-nan(ind)
8.091;0.009;-nan(ind);-nan(ind);9.222766926;9.222766926;-nan(ind);-nan(ind)
8.1;0.009;-nan(ind);-nan(ind);9.221936914;9.221936914;-nan(ind);-nan(ind)
8.109;0.009;-nan(ind);-nan(ind);9.221106977;9.221106977;-nan(ind);-nan(ind)
8.118;0.009;-nan(ind);-nan(ind);9.220277115;9.220277115;-nan(ind);-nan(ind)
8.127;0.009;-nan(ind);-nan(ind);9.219447328;9.219447328;-nan(ind);-nan(ind)
8.136;0.009;-nan(ind);-nan(ind);9.218617615;9.218617615;-nan(ind);-nan(ind)
8.145;0.009;-nan(ind);-nan(ind);9.217787976;9.217787976;-nan(ind);-nan(ind)
8.154;0.009;-nan(ind);-nan(ind);9.216958413;9.216958413;-nan(ind);-nan(ind)
8.163;0.009;-nan(ind);-nan(ind);9.216128924;9.216128924;-nan(ind);-nan(ind)
8.172;0.009;-nan(ind);-nan(ind);9.21529951;9.21529951;-nan(ind);-nan(ind)
8.181;0.009;-nan(ind);-nan(ind);9.21447017;9.21447017;-nan(ind);-nan(ind)
8.19;0.009;-nan(ind);-nan(ind);9.213640905;9.213640905;-nan(ind);-nan(ind)
8.199;0.009;-nan(ind);-nan(ind);9.212811715;9.212811715;-nan(ind);-nan(ind)
8.208;0.009;-nan(ind);-nan(ind);9.211982599;9.211982599;-nan(ind);-nan(ind)
8.217;0.009;-nan(ind);-nan(ind);9.211153558;9.211153558;-nan(ind);-nan(ind)
8.226;0.009;-nan(ind);-nan(ind);9.210324591;9.210324591;-nan(ind);-nan(ind)
8.235;0.009;-nan(ind);-nan(ind);9.209495699;9.209495699;-nan(ind);-nan(ind)
8.244;0.009;-nan(ind);-nan(ind);9.208666882;9.208666882;-nan(ind);-nan(ind)
8.253;0.009;-nan(ind);-nan(ind);9.207838139;9.207838139;-nan(ind);-nan(ind)
8.262;0.009;-nan(ind);-nan(ind);9.207009471;9.207009471;-nan(ind);-nan(ind)
8.271;0.009;-nan(ind);-nan(ind);9.206180878;9.206180878;-nan(ind);-nan(ind)
8.28;0.009;-nan(ind);-nan(ind);9.205352359;9.205352359;-nan(ind);-nan(ind)
8.289;0.009;-nan(ind);-nan(ind);9.204523914;9.204523914;-nan(ind);-nan(ind)
8.298;0.009;-nan(ind);-nan(ind);9.203695544;9.203695544;-nan(ind);-nan(ind)
8.307;0.009;-nan(ind);-nan(ind);9.202867249;9.202867249;-nan(ind);-nan(ind)
8.316;0.009;-nan(ind);-nan(ind);9.202039028;9.202039028;-nan(ind);-nan(ind)
8.325;0.009;-nan(ind);-nan(ind);9.201210882;9.201210882;-nan(ind);-nan(ind)
8.334;0.009;-nan(ind);-nan(ind);9.20038281;9.20038281;-nan(ind);-nan(ind)
8.343;0.009;-nan(ind);-nan(ind);9.199554813;9.199554813;-nan(ind);-nan(ind)
8.352;0.009;-nan(ind);-nan(ind);9.19872689;9.19872689;-nan(ind);-nan(ind)
8.361;0.009;-nan(ind);-nan(ind);9.197899042;9.197899042;-nan(ind);-nan(ind)
8.37;0.009;-nan(ind);-nan(ind);9.197071269;9.197071269;-nan(ind);-nan(ind)
8.379;0.009;-nan(ind);-nan(ind);9.196243569;9.196243569;-nan(ind);-nan(ind)
8.388;0.009;-nan(ind);-nan(ind);9.195415945;9.195415945;-nan(ind);-nan(ind)
8.397;0.009;-nan(ind);-nan(ind);9.194588394;9.194588394;-nan(ind);-nan(ind)
8.406;0.009;-nan(ind);-nan(ind);9.193760919;9.193760919;-nan(ind);-nan(ind)
8.415;0.009;-nan(ind);-nan(ind);9.192933517;9.192933517;-nan(ind);-nan(ind)
8.424;0.009;-nan(ind);-nan(ind);9.192106191;9.192106191;-nan(ind);-nan(ind)
8.433;0.009;-nan(ind);-nan(ind);9.191278938;9.191278938;-nan(ind);-nan(ind)
8.442;0.009;-nan(ind);-nan(ind);9.190451761;9.190451761;-nan(ind);-nan(ind)
8.451;0.009;-nan(ind);-nan(ind);9.189624657;9.189624657;-nan(ind);-nan(ind)
8.46;0.009;-nan(ind);-nan(ind);9.188797628;9.188797628;-nan(ind);-nan(ind)
8.469;0.009;-nan(ind);-nan(ind);9.187970673;9.187970673;-nan(ind);-nan(ind)
8.478;0.009;-nan(ind);-nan(ind);9.187143793;9.187143793;-nan(ind);-nan(ind)
8.487;0.009;-nan(ind);-nan(ind);9.186316988;9.186316988;-nan(ind);-nan(ind)
8.496;0.009;-nan(ind);-nan(ind);9.185490256;9.185490256;-nan(ind);-nan(ind)
8.505;0.009;-nan(ind);-nan(ind);9.184663599;9.184663599;-nan(ind);-nan(ind)
8.514;0.009;-nan(ind);-nan(ind);9.183837017;9.183837017;-nan(ind);-nan(ind)
8.523;0.009;-nan(ind);-nan(ind);9.183010509;9.183010509;-nan(ind);-nan(ind)
8.532;0.009;-nan(ind);-nan(ind);9.182184075;9.182184075;-nan(ind);-nan(ind)
8.541;0.009;-nan(ind);-nan(ind);9.181357716;9.181357716;-nan(ind);-nan(ind)
8.55;0.009;-nan(ind);-nan(ind);9.180531431;9.180531431;-nan(ind);-nan(ind)
8.559;0.009;-nan(ind);-nan(ind);9.17970522;9.17970522;-nan(ind);-nan(ind)
8.568;0.009;-nan(ind);-nan(ind);9.178879084;9.178879084;-nan(ind);-nan(ind)
8.577;0.009;-nan(ind);-nan(ind);9.178053022;9.178053022;-nan(ind);-nan(ind)
8.586;0.009;-nan(ind);-nan(ind);9.177227034;9.177227034;-nan(ind);-nan(ind)
8.595;0.009;-nan(ind);-nan(ind);9.176401121;9.176401121;-nan(ind);-nan(ind)
8.604;0.009;-nan(ind);-nan(ind);9.175575282;9.175575282;-nan(ind);-nan(ind)
8.613;0.009;-nan(ind);-nan(ind);9.174749517;9.174749517;-nan(ind);-nan(ind)
8.622;0.009;-nan(ind);-nan(ind);9.173923827;9.173923827;-nan(ind);-nan(ind)
8.631;0.009;-nan(ind);-nan(ind);9.173098211;9.173098211;-nan(ind);-nan(ind)
8.64;0.009;-nan(ind);-nan(ind);9.172272669;9.172272669;-nan(ind);-nan(ind)
8.649;0.009;-nan(ind);-nan(ind);9.171447202;9.171447202;-nan(ind);-nan(ind)
8.658;0.009;-nan(ind);-nan(ind);9.170621809;9.170621809;-nan(ind);-nan(ind)
8.667;0.009;-nan(ind);-nan(ind);9.16979649;9.16979649;-nan(ind);-nan(ind)
8.676;0.009;-nan(ind);-nan(ind);9.168971245;9.168971245;-nan(ind);-nan(ind)
8.685;0.009;-nan(ind);-nan(ind);9.168146075;9.168146075;-nan(ind);-nan(ind)
8.694;0.009;-nan(ind);-nan(ind);9.167320979;9.167320979;-nan(ind);-nan(ind)
8.703;0.009;-nan(ind);-nan(ind);9.166495957;9.166495957;-nan(ind);-nan(ind)
8.712;0.009;-nan(ind);-nan(ind);9.16567101;9.16567101;-nan(ind);-nan(ind)
8.721;0.009;-nan(ind);-nan(ind);9.164846137;9.164846137;-nan(ind);-nan(ind)
8.73;0.009;-nan(ind);-nan(ind);9.164021338;9.164021338;-nan(ind);-nan(ind)
8.739;0.009;-nan(ind);-nan(ind);9.163196613;9.163196613;-nan(ind);-nan(ind)
8.748;0.009;-nan(ind);-nan(ind);9.162371962;9.162371962;-nan(ind);-nan(ind)
8.757;0.009;-nan(ind);-nan(ind);9.161547386;9.161547386;-nan(ind);-nan(ind)
8.766;0.009;-nan(ind);-nan(ind);9.160722884;9.160722884;-nan(ind);-nan(ind)
8.775;0.009;-nan(ind);-nan(ind);9.159898456;9.159898456;-nan(ind);-nan(ind)
8.784;0.009;-nan(ind);-nan(ind);9.159074102;9.159074102;-nan(ind);-nan(ind)
8.793;0.009;-nan(ind);-nan(ind);9.158249822;9.158249822;-nan(ind);-nan(ind)
8.802;0.009;-nan(ind);-nan(ind);9.157425617;9.157425617;-nan(ind);-nan(ind)
8.811;0.009;-nan(ind);-nan(ind);9.156601486;9.156601486;-nan(ind);-nan(ind)
8.82;0.009;-nan(ind);-nan(ind);9.155777429;9.155777429;-nan(ind);-nan(ind)
8.829;0.009;-nan(ind);-nan(ind);9.154953446;9.154953446;-nan(ind);-nan(ind)
8.838;0.009;-nan(ind);-nan(ind);9.154129537;9.154129537;-nan(ind);-nan(ind)
8.847;0.009;-nan(ind);-nan(ind);9.153305702;9.153305702;-nan(ind);-nan(ind)
8.856;0.009;-nan(ind);-nan(ind);9.152481942;9.152481942;-nan(ind);-nan(ind)
8.865;0.009;-nan(ind);-nan(ind);9.151658256;9.151658256;-nan(ind);-nan(ind)
8.874;0.009;-nan(ind);-nan(ind);9.150834643;9.150834643;-nan(ind);-nan(ind)
8.883;0.009;-nan(ind);-nan(ind);9.150011105;9.150011105;-nan(ind);-nan(ind)
8.892;0.009;-nan(ind);-nan(ind);9.149187641;9.149187641;-nan(ind);-nan(ind)
8.901;0.009;-nan(ind);-nan(ind);9.148364252;9.148364252;-nan(ind);-nan(ind)
8.91;0.009;-nan(ind);-nan(ind);9.147540936;9.147540936;-nan(ind);-nan(ind)
8.919;0.009;-nan(ind);-nan(ind);9.146717694;9.146717694;-nan(ind);-nan(ind)
8.928;0.009;-nan(ind);-nan(ind);9.145894527;9.145894527;-nan(ind);-nan(ind)
8.937;0.009;-nan(ind);-nan(ind);9.145071433;9.145071433;-nan(ind);-nan(ind)
8.946;0.009;-nan(ind);-nan(ind);9.144248414;9.144248414;-nan(ind);-nan(ind)
8.955;0.009;-nan(ind);-nan(ind);9.143425469;9.143425469;-nan(ind);-nan(ind)
8.964;0.009;-nan(ind);-nan(ind);9.142602597;9.142602597;-nan(ind);-nan(ind)
8.973;0.009;-nan(ind);-nan(ind);9.1417798;9.1417798;-nan(ind);-nan(ind)
8.982;0.009;-nan(ind);-nan(ind);9.140957077;9.140957077;-nan(ind);-nan(ind)
8.991;0.009;-nan(ind);-nan(ind);9.140134428;9.140134428;-nan(ind);-nan(ind)
9;0.009;-nan(ind);-nan(ind);9.139311853;9.139311853;-nan(ind);-nan(ind)
